hris_person_id,employee_id,full_name,work_email,department,role_title,level,manager_employee_id,hire_date,employment_status,employment_type,fte,record_status,last_updated
PER-100001,EMP-0001,Kestrel Ashgrove,kestrel.ashgrove.emp-0001@co002.example,Executive,Chief Executive Officer,Executive,,2019-03-09,active,full_time,1.0,active,2025-10-13
PER-100002,EMP-0002,Marlowe Bellcrest,marlowe.bellcrest.emp-0002@co002.example,Engineering,"VP, Engineering",VP,EMP-0001,2021-05-30,active,full_time,1.0,active,2026-03-26
PER-100003,EMP-0003,Oleander Ashgrove,oleander.ashgrove.emp-0003@co002.example,Engineering,"Director, Engineering",Director,EMP-0002,2022-08-18,active,full_time,1.0,active,2026-02-28
PER-100004,EMP-0004,Freya Nightshade,freya.nightshade.emp-0004@co002.example,Engineering,"Director, Engineering",Director,EMP-0002,2020-10-17,active,full_time,1.0,active,2026-03-16
PER-100005,EMP-0005,Dashiell Quennell,dashiell.quennell.emp-0005@co002.example,Engineering,"Director, Engineering",Director,EMP-0002,2020-04-13,active,full_time,1.0,active,2025-12-13
PER-100006,EMP-0006,Freya Thistlewood,freya.thistlewood.emp-0006@co002.example,Engineering,"Director, Engineering",Director,EMP-0002,2025-04-18,active,full_time,1.0,active,2025-10-31
PER-100007,EMP-0007,Delphine Greywick,delphine.greywick.emp-0007@co002.example,Engineering,"Director, Engineering",Director,EMP-0002,2021-05-01,active,full_time,1.0,active,2026-02-13
PER-100008,EMP-0008,Ivo Bellcrest,ivo.bellcrest.emp-0008@co002.example,Engineering,"Director, Engineering",Director,EMP-0002,2020-09-05,active,full_time,1.0,active,2026-03-18
PER-100009,EMP-0009,Honora Larkspur,honora.larkspur.emp-0009@co002.example,Engineering,"Director, Engineering",Director,EMP-0002,2022-01-08,active,part_time,0.6,active,2026-03-06
PER-100010,EMP-0010,Fenwick Osgood,fenwick.osgood.emp-0010@co002.example,Engineering,"Director, Engineering",Director,EMP-0002,2020-03-17,active,full_time,1.0,active,2025-12-01
PER-100011,EMP-0013,Zephyrine Yarrow,zephyrine.yarrow.emp-0013@co002.example,Engineering,"Director, Engineering",Director,EMP-0002,2020-08-03,active,full_time,1.0,active,2025-11-06
PER-100012,EMP-0014,Quenby Osgood,quenby.osgood.emp-0014@co002.example,Engineering,Engineering Manager,Manager,EMP-0005,2023-07-14,active,full_time,1.0,active,2025-12-12
PER-100013,EMP-0015,Briar Ravenscroft,briar.ravenscroft.emp-0015@co002.example,Engineering,Engineering Manager,Manager,EMP-0012,2024-06-03,active,full_time,1.0,active,2026-01-27
PER-100014,EMP-0016,Faro Bellcrest,faro.bellcrest.emp-0016@co002.example,Engineering,Engineering Manager,Manager,EMP-0009,2021-04-05,active,full_time,1.0,active,2026-02-26
PER-100015,EMP-0017,Dashiell Ashgrove,dashiell.ashgrove.emp-0017@co002.example,Engineering,Engineering Manager,Manager,EMP-0012,2024-12-21,active,full_time,1.0,active,2025-11-17
PER-100016,EMP-0018,Fenwick Fairweather,fenwick.fairweather.emp-0018@co002.example,Engineering,Engineering Manager,Manager,EMP-0005,2020-04-27,active,full_time,1.0,active,2025-12-02
PER-100017,EMP-0019,Dashiell Ashby,dashiell.ashby.emp-0019@co002.example,Engineering,Engineering Manager,Manager,EMP-0005,2022-09-16,active,full_time,1.0,active,2026-02-13
PER-100018,EMP-0020,Tobin Oakhurst,tobin.oakhurst.emp-0020@co002.example,Engineering,Engineering Manager,Manager,EMP-0005,2022-02-20,active,full_time,1.0,active,2026-03-17
PER-100019,EMP-0021,Rhoswen Norwich,rhoswen.norwich.emp-0021@co002.example,Engineering,Engineering Manager,Manager,EMP-0007,2025-10-31,active,full_time,1.0,active,2026-03-03
PER-100020,EMP-0022,Yara Osgood,yara.osgood.emp-0022@co002.example,Engineering,Engineering Manager,Manager,EMP-0008,2024-11-11,active,full_time,1.0,active,2025-10-18
PER-100021,EMP-0023,Saskia Ingledew,saskia.ingledew.emp-0023@co002.example,Engineering,Engineering Manager,Manager,EMP-0003,2021-02-06,active,full_time,1.0,active,2026-03-19
PER-100022,EMP-0024,Sable Holloway,sable.holloway.emp-0024@co002.example,Engineering,Engineering Manager,Manager,EMP-0004,2024-11-30,active,full_time,1.0,active,2026-03-09
PER-100023,EMP-0025,Dashiell Bellcrest,dashiell.bellcrest.emp-0025@co002.example,Engineering,Engineering Manager,Manager,EMP-0007,2021-07-07,active,full_time,1.0,active,2025-10-11
PER-100024,EMP-0026,Perrin Ashgrove,perrin.ashgrove.emp-0026@co002.example,Engineering,Engineering Manager,Manager,EMP-0009,2020-08-16,active,full_time,1.0,active,2026-01-17
PER-100025,EMP-0027,Wystan Grayling,wystan.grayling.emp-0027@co002.example,Engineering,Engineering Manager,Manager,EMP-0005,2023-03-04,active,full_time,1.0,active,2026-01-04
PER-100026,EMP-0028,Saskia Ashgrove,saskia.ashgrove.emp-0028@co002.example,Engineering,Engineering Manager,Manager,EMP-0009,2020-05-15,active,full_time,1.0,active,2026-03-03
PER-100027,EMP-0029,Ivo Kirtland,ivo.kirtland.emp-0029@co002.example,Engineering,Engineering Manager,Manager,EMP-0006,2023-01-23,active,full_time,1.0,active,2025-12-18
PER-100028,EMP-0030,Sorrel Fenmore,sorrel.fenmore.emp-0030@co002.example,Engineering,Engineering Manager,Manager,EMP-0006,2020-08-02,active,full_time,1.0,active,2026-01-10
PER-100029,EMP-0031,Cormac Elderkin,cormac.elderkin.emp-0031@co002.example,Engineering,Engineering Manager,Manager,EMP-0010,2025-07-17,active,full_time,1.0,active,2026-01-21
PER-100030,EMP-0033,Honora Marchbanks,honora.marchbanks.emp-0033@co002.example,Engineering,Engineering Manager,Manager,EMP-0005,2020-12-20,active,full_time,1.0,active,2026-03-04
PER-100031,EMP-0034,Wystan Kestenbaum,wystan.kestenbaum.emp-0034@co002.example,Engineering,Engineering Manager,Manager,EMP-0008,2021-06-12,active,full_time,1.0,active,2025-10-31
PER-100032,EMP-0035,Baxter Marchbanks,baxter.marchbanks.emp-0035@co002.example,Engineering,Engineering Manager,Manager,EMP-0006,2025-02-26,active,full_time,1.0,active,2026-02-28
PER-100033,EMP-0036,Lyric Vantree,lyric.vantree.emp-0036@co002.example,Engineering,Engineering Manager,Manager,EMP-0013,2022-10-28,active,full_time,1.0,active,2025-12-31
PER-100034,EMP-0037,Verity Kirtland,verity.kirtland.emp-0037@co002.example,Engineering,Engineering Manager,Manager,EMP-0005,2025-05-19,active,full_time,1.0,active,2026-03-13
PER-100035,EMP-0038,Ivo Norwich,ivo.norwich.emp-0038@co002.example,Engineering,Engineering Manager,Manager,EMP-0005,2024-12-26,active,full_time,1.0,active,2026-02-13
PER-100036,EMP-0039,Honora Moorfield,honora.moorfield.emp-0039@co002.example,Engineering,Engineering Manager,Manager,EMP-0003,2020-05-25,active,full_time,1.0,active,2026-02-24
PER-100037,EMP-0040,Merritt Larkspur,merritt.larkspur.emp-0040@co002.example,Engineering,Engineering Manager,Manager,EMP-0013,2022-02-21,active,full_time,1.0,active,2026-02-03
PER-100038,EMP-0041,Zephyrine Pemberton,zephyrine.pemberton.emp-0041@co002.example,Engineering,Engineering Manager,Manager,EMP-0009,2025-01-27,active,full_time,1.0,active,2025-10-26
PER-100039,EMP-0042,Sable Yarrow,sable.yarrow.emp-0042@co002.example,Engineering,QA Engineer,IC,EMP-0024,2022-03-29,active,full_time,1.0,active,2025-12-26
PER-100040,EMP-0043,Delphine Bellcrest,delphine.bellcrest.emp-0043@co002.example,Engineering,Site Reliability Engineer,IC,EMP-0014,2020-11-20,active,full_time,1.0,active,2025-11-10
PER-100041,EMP-0044,Dashiell Fenmore,dashiell.fenmore.emp-0044@co002.example,Engineering,QA Engineer,IC,EMP-0029,2024-06-11,active,full_time,1.0,active,2026-03-31
PER-100042,EMP-0045,Ondine Pennington,ondine.pennington.emp-0045@co002.example,Engineering,Software Engineer,IC,EMP-0020,2022-04-04,active,full_time,1.0,active,2026-02-12
PER-100043,EMP-0046,Wrenna Oakhurst,wrenna.oakhurst.emp-0046@co002.example,Engineering,Software Engineer,IC,EMP-0025,2025-12-19,active,full_time,1.0,active,2026-01-19
PER-100044,EMP-0047,Hollis Quennell,hollis.quennell.emp-0047@co002.example,Engineering,Site Reliability Engineer,IC,EMP-0040,2020-10-16,active,part_time,0.6,active,2025-10-18
PER-100045,EMP-0048,Rhoswen Ashby,rhoswen.ashby.emp-0048@co002.example,Engineering,Site Reliability Engineer,IC,EMP-0018,2020-12-24,active,part_time,0.6,active,2026-01-27
PER-100046,EMP-0049,Lior Quennell,lior.quennell.emp-0049@co002.example,Engineering,Software Engineer,IC,EMP-0017,2023-11-10,active,full_time,1.0,active,2026-02-12
PER-100047,EMP-0050,Verity Larkspur,verity.larkspur.emp-0050@co002.example,Engineering,Site Reliability Engineer,IC,EMP-0018,2020-03-18,active,full_time,1.0,active,2026-01-07
PER-100048,EMP-0051,Corin Corrigan,corin.corrigan.emp-0051@co002.example,Engineering,Site Reliability Engineer,IC,EMP-0032,2024-04-02,active,full_time,1.0,active,2025-12-06
PER-100049,EMP-0052,Aldous Vantree,aldous.vantree.emp-0052@co002.example,Engineering,QA Engineer,IC,EMP-0026,2020-09-08,active,full_time,1.0,active,2026-03-26
PER-100050,EMP-0053,Gideon Loxley,gideon.loxley.emp-0053@co002.example,Engineering,Staff Engineer,IC,EMP-0019,2022-02-21,active,full_time,1.0,active,2026-01-09
PER-100051,EMP-0054,Zephyrine Marchbanks,zephyrine.marchbanks.emp-0054@co002.example,Engineering,QA Engineer,IC,EMP-0032,2025-11-08,active,full_time,1.0,active,2026-03-15
PER-100052,EMP-0055,Fenwick Underhill,fenwick.underhill.emp-0055@co002.example,Engineering,Site Reliability Engineer,IC,EMP-0019,2021-08-08,active,part_time,0.8,active,2025-11-19
PER-100053,EMP-0056,Guinevere Millgate,guinevere.millgate.emp-0056@co002.example,Engineering,QA Engineer,IC,EMP-0026,2022-02-14,active,full_time,1.0,active,2025-12-30
PER-100054,EMP-0057,Marlowe Holloway,marlowe.holloway.emp-0057@co002.example,Engineering,Software Engineer,IC,EMP-0038,2025-10-16,active,full_time,1.0,active,2025-12-28
PER-100055,EMP-0059,Lior Crestfall,lior.crestfall.emp-0059@co002.example,Engineering,Software Engineer,IC,EMP-0029,2023-04-11,active,full_time,1.0,active,2025-11-09
PER-100056,EMP-0060,Emlyn Hallowell,emlyn.hallowell.emp-0060@co002.example,Engineering,Site Reliability Engineer,IC,EMP-0031,2023-06-21,active,full_time,1.0,active,2026-01-13
PER-100057,EMP-0061,Wrenna Kirtland,wrenna.kirtland.emp-0061@co002.example,Engineering,QA Engineer,IC,EMP-0037,2020-09-25,active,full_time,1.0,active,2026-03-29
PER-100058,EMP-0062,Junot Ingledew,junot.ingledew.emp-0062@co002.example,Engineering,Site Reliability Engineer,IC,EMP-0039,2024-03-12,active,full_time,1.0,active,2025-11-17
PER-100059,EMP-0063,Reyna Fairweather,reyna.fairweather.emp-0063@co002.example,Engineering,QA Engineer,IC,EMP-0024,2023-07-14,active,full_time,1.0,active,2025-12-17
PER-100060,EMP-0064,Thessaly Elderkin,thessaly.elderkin.emp-0064@co002.example,Engineering,Site Reliability Engineer,IC,EMP-0021,2022-06-10,active,full_time,1.0,active,2025-10-24
PER-100061,EMP-0065,Faro Ashgrove,faro.ashgrove.emp-0065@co002.example,Engineering,Site Reliability Engineer,IC,EMP-0038,2024-01-21,active,full_time,1.0,active,2025-11-20
PER-100062,EMP-0066,Dashiell Underhill,dashiell.underhill.emp-0066@co002.example,Engineering,Site Reliability Engineer,IC,EMP-0020,2025-02-06,active,full_time,1.0,active,2025-11-06
PER-100063,EMP-0067,Aldous Pemberton,aldous.pemberton.emp-0067@co002.example,Engineering,Site Reliability Engineer,IC,EMP-0026,2022-04-12,active,part_time,0.6,active,2026-01-09
PER-100064,EMP-0068,Wystan Blackwood,wystan.blackwood.emp-0068@co002.example,Engineering,Site Reliability Engineer,IC,EMP-0040,2025-09-06,active,full_time,1.0,active,2025-12-24
PER-100065,EMP-0069,Cassian Dunmore,cassian.dunmore.emp-0069@co002.example,Engineering,Site Reliability Engineer,IC,EMP-0037,2023-10-22,active,full_time,1.0,active,2026-01-21
PER-100066,EMP-0070,Tamsin Marchbanks,tamsin.marchbanks.emp-0070@co002.example,Engineering,QA Engineer,IC,EMP-0031,2021-10-19,active,full_time,1.0,active,2025-12-16
PER-100067,EMP-0071,Oleander Corrigan,oleander.corrigan.emp-0071@co002.example,Engineering,Software Engineer,IC,EMP-0022,2023-04-02,active,part_time,0.8,active,2026-01-02
PER-100068,EMP-0072,Tobin Everhart,tobin.everhart.emp-0072@co002.example,Engineering,QA Engineer,IC,EMP-0036,2023-04-24,active,full_time,1.0,active,2025-11-19
PER-100069,EMP-0073,Yara Pemberton,yara.pemberton.emp-0073@co002.example,Engineering,QA Engineer,IC,EMP-0015,2023-02-12,active,full_time,1.0,active,2025-10-17
PER-100070,EMP-0074,Gideon Juniper,gideon.juniper.emp-0074@co002.example,Engineering,Staff Engineer,IC,EMP-0030,2022-11-28,active,part_time,0.6,active,2025-10-09
PER-100071,EMP-0075,Ulric Millgate,ulric.millgate.emp-0075@co002.example,Engineering,Software Engineer,IC,EMP-0040,2021-12-16,active,part_time,0.6,active,2025-10-30
PER-100072,EMP-0076,Ivo Underhill,ivo.underhill.emp-0076@co002.example,Engineering,Software Engineer,IC,EMP-0040,2026-01-02,active,full_time,1.0,active,2026-02-28
PER-100073,EMP-0077,Ivo Ingledew,ivo.ingledew.emp-0077@co002.example,Engineering,QA Engineer,IC,EMP-0037,2021-10-21,active,full_time,1.0,active,2026-01-11
PER-100074,EMP-0078,Lyric Grayling,lyric.grayling.emp-0078@co002.example,Engineering,Software Engineer,IC,EMP-0015,2022-02-08,active,full_time,1.0,active,2025-10-23
PER-100075,EMP-0079,Cassian Loxley,cassian.loxley.emp-0079@co002.example,Engineering,Senior Software Engineer,IC,EMP-0014,2023-12-25,active,full_time,1.0,active,2026-02-24
PER-100076,EMP-0080,Dashiell Jarrow,dashiell.jarrow.emp-0080@co002.example,Engineering,QA Engineer,IC,EMP-0033,2023-06-04,active,full_time,1.0,active,2026-02-21
PER-100077,EMP-0081,Gideon Everhart,gideon.everhart.emp-0081@co002.example,Engineering,Staff Engineer,IC,EMP-0025,2021-05-29,active,full_time,1.0,active,2026-03-31
PER-100078,EMP-0082,Halcyon Fenmore,halcyon.fenmore.emp-0082@co002.example,Engineering,Senior Software Engineer,IC,EMP-0037,2024-08-17,active,full_time,1.0,active,2026-02-11
PER-100079,EMP-0083,Lyric Crestfall,lyric.crestfall.emp-0083@co002.example,Engineering,Senior Software Engineer,IC,EMP-0036,2024-08-31,active,full_time,1.0,active,2025-12-04
PER-100080,EMP-0084,Baxter Osgood,baxter.osgood.emp-0084@co002.example,Engineering,Staff Engineer,IC,EMP-0033,2023-05-11,active,full_time,1.0,active,2025-10-26
PER-100081,EMP-0085,Kestrel Osgood,kestrel.osgood.emp-0085@co002.example,Engineering,QA Engineer,IC,EMP-0039,2023-03-15,active,part_time,0.6,active,2026-03-28
PER-100082,EMP-0086,Oleander Fairweather,oleander.fairweather.emp-0086@co002.example,Engineering,Site Reliability Engineer,IC,EMP-0029,2020-11-06,active,full_time,1.0,active,2026-01-13
PER-100083,EMP-0087,Oleander Larkspur,oleander.larkspur.emp-0087@co002.example,Engineering,Staff Engineer,IC,EMP-0021,2025-04-09,active,full_time,1.0,active,2025-12-15
PER-100084,EMP-0089,Isolde Pemberton,isolde.pemberton.emp-0089@co002.example,Engineering,Senior Software Engineer,IC,EMP-0018,2021-03-01,active,full_time,1.0,active,2026-03-06
PER-100085,EMP-0090,Kestrel Ravenscroft,kestrel.ravenscroft.emp-0090@co002.example,Engineering,Software Engineer,IC,EMP-0016,2024-05-14,active,full_time,1.0,active,2025-11-24
PER-100086,EMP-0092,Emlyn Vantree,emlyn.vantree.emp-0092@co002.example,Engineering,QA Engineer,IC,EMP-0014,2023-03-23,active,full_time,1.0,active,2026-01-19
PER-100087,EMP-0093,Wrenna Ashby,wrenna.ashby.emp-0093@co002.example,Engineering,QA Engineer,IC,EMP-0023,2021-04-08,active,part_time,0.8,active,2026-03-15
PER-100088,EMP-0094,Rhoswen Loxley,rhoswen.loxley.emp-0094@co002.example,Engineering,Senior Software Engineer,IC,EMP-0035,2023-11-04,active,full_time,1.0,active,2025-12-04
PER-100089,EMP-0095,Kestrel Greywick,kestrel.greywick.emp-0095@co002.example,Engineering,Senior Software Engineer,IC,EMP-0041,2020-04-25,active,full_time,1.0,active,2026-03-06
PER-100090,EMP-0096,Reyna Quennell,reyna.quennell.emp-0096@co002.example,Engineering,Software Engineer,IC,EMP-0023,2021-10-10,active,full_time,1.0,active,2025-12-21
PER-100091,EMP-0097,Ondine Kestenbaum,ondine.kestenbaum.emp-0097@co002.example,Engineering,Site Reliability Engineer,IC,EMP-0026,2021-10-07,active,full_time,1.0,active,2025-12-03
PER-100092,EMP-0098,Yara Dunmore,yara.dunmore.emp-0098@co002.example,Engineering,Staff Engineer,IC,EMP-0020,2022-09-22,active,full_time,1.0,active,2026-02-21
PER-100093,EMP-0099,Odalys Hallowell,odalys.hallowell.emp-0099@co002.example,Engineering,Software Engineer,IC,EMP-0021,2025-08-25,active,full_time,1.0,active,2025-10-19
PER-100094,EMP-0100,Reyna Larkspur,reyna.larkspur.emp-0100@co002.example,Engineering,Site Reliability Engineer,IC,EMP-0027,2022-04-07,active,full_time,1.0,active,2025-10-11
PER-100095,EMP-0101,Ewald Pennington,ewald.pennington.emp-0101@co002.example,Engineering,QA Engineer,IC,EMP-0021,2021-07-18,active,full_time,1.0,active,2026-03-21
PER-100096,EMP-0102,Tamsin Loxley,tamsin.loxley.emp-0102@co002.example,Engineering,Software Engineer,IC,EMP-0018,2021-10-25,active,full_time,1.0,active,2025-11-20
PER-100097,EMP-0103,Rhoswen Bellcrest,rhoswen.bellcrest.emp-0103@co002.example,Engineering,Software Engineer,IC,EMP-0028,2022-12-22,active,part_time,0.8,active,2025-11-14
PER-100098,EMP-0104,Piran Ashby,piran.ashby.emp-0104@co002.example,Engineering,Site Reliability Engineer,IC,EMP-0021,2023-04-16,active,full_time,1.0,active,2025-12-19
PER-100099,EMP-0105,Branwen Everhart,branwen.everhart.emp-0105@co002.example,Engineering,Staff Engineer,IC,EMP-0029,2025-03-16,active,part_time,0.8,active,2026-02-04
PER-100100,EMP-0106,Corwin Jarrow,corwin.jarrow.emp-0106@co002.example,Engineering,Software Engineer,IC,EMP-0023,2024-02-18,active,full_time,1.0,active,2026-02-04
PER-100101,EMP-0107,Oleander Blackwood,oleander.blackwood.emp-0107@co002.example,Engineering,Software Engineer,IC,EMP-0035,2020-05-23,active,full_time,1.0,active,2026-01-20
PER-100102,EMP-0108,Corin Whitlock,corin.whitlock.emp-0108@co002.example,Engineering,QA Engineer,IC,EMP-0021,2023-07-23,active,full_time,1.0,active,2026-01-28
PER-100103,EMP-0109,Sable Nightshade,sable.nightshade.emp-0109@co002.example,Engineering,QA Engineer,IC,EMP-0016,2022-04-30,active,full_time,1.0,active,2026-01-16
PER-100104,EMP-0110,Fenwick Ashgrove,fenwick.ashgrove.emp-0110@co002.example,Engineering,QA Engineer,IC,EMP-0026,2025-10-26,active,full_time,1.0,active,2025-10-28
PER-100105,EMP-0111,Ondine Fenmore,ondine.fenmore.emp-0111@co002.example,Engineering,Site Reliability Engineer,IC,EMP-0014,2022-09-19,active,full_time,1.0,active,2025-11-04
PER-100106,EMP-0112,Sorrel Ingledew,sorrel.ingledew.emp-0112@co002.example,Engineering,Staff Engineer,IC,EMP-0037,2024-03-02,active,full_time,1.0,active,2025-10-05
PER-100107,EMP-0113,Aldous Loxley,aldous.loxley.emp-0113@co002.example,Engineering,QA Engineer,IC,EMP-0027,2020-10-28,active,full_time,1.0,active,2026-01-02
PER-100108,EMP-0114,Merritt Pemberton,merritt.pemberton.emp-0114@co002.example,Engineering,Software Engineer,IC,EMP-0028,2023-12-11,active,full_time,1.0,active,2026-01-16
PER-100109,EMP-0115,Nessa Everhart,nessa.everhart.emp-0115@co002.example,Engineering,Site Reliability Engineer,IC,EMP-0014,2024-12-15,active,full_time,1.0,active,2026-02-01
PER-100110,EMP-0116,Merritt Elderkin,merritt.elderkin.emp-0116@co002.example,Engineering,Staff Engineer,IC,EMP-0025,2024-12-02,active,full_time,1.0,active,2025-11-30
PER-100111,EMP-0117,Gideon Hallowell,gideon.hallowell.emp-0117@co002.example,Engineering,Staff Engineer,IC,EMP-0016,2022-05-18,active,part_time,0.8,active,2026-01-03
PER-100112,EMP-0118,Quillon Nightshade,quillon.nightshade.emp-0118@co002.example,Engineering,Senior Software Engineer,IC,EMP-0032,2024-04-23,active,full_time,1.0,active,2026-02-16
PER-100113,EMP-0119,Dashiell Larkspur,dashiell.larkspur.emp-0119@co002.example,Engineering,QA Engineer,IC,EMP-0038,2024-07-14,active,full_time,1.0,active,2026-01-09
PER-100114,EMP-0120,Reyna Kestenbaum,reyna.kestenbaum.emp-0120@co002.example,Engineering,Software Engineer,IC,EMP-0038,2021-09-29,active,full_time,1.0,active,2025-10-15
PER-100115,EMP-0121,Delphine Crestfall,delphine.crestfall.emp-0121@co002.example,Engineering,Software Engineer,IC,EMP-0015,2021-02-12,active,full_time,1.0,active,2025-10-26
PER-100116,EMP-0122,Merritt Ashby,merritt.ashby.emp-0122@co002.example,Engineering,QA Engineer,IC,EMP-0022,2021-05-26,active,full_time,1.0,active,2026-03-20
PER-100117,EMP-0123,Gideon Ivorwood,gideon.ivorwood.emp-0123@co002.example,Engineering,QA Engineer,IC,EMP-0017,2023-12-31,active,full_time,1.0,active,2025-10-07
PER-100118,EMP-0124,Lior Kirtland,lior.kirtland.emp-0124@co002.example,Engineering,Site Reliability Engineer,IC,EMP-0032,2021-07-22,active,full_time,1.0,active,2025-10-12
PER-100119,EMP-0125,Quenby Jarrow,quenby.jarrow.emp-0125@co002.example,Engineering,Site Reliability Engineer,IC,EMP-0015,2024-11-03,active,full_time,1.0,active,2025-11-01
PER-100120,EMP-0126,Quillon Elderkin,quillon.elderkin.emp-0126@co002.example,Engineering,Senior Software Engineer,IC,EMP-0038,2021-03-05,active,full_time,1.0,active,2025-11-12
PER-100121,EMP-0127,Marlowe Fairweather,marlowe.fairweather.emp-0127@co002.example,Engineering,Senior Software Engineer,IC,EMP-0023,2020-06-01,active,full_time,1.0,active,2026-01-19
PER-100122,EMP-0128,Reyna Bellcrest,reyna.bellcrest.emp-0128@co002.example,Engineering,QA Engineer,IC,EMP-0022,2020-07-18,active,full_time,1.0,active,2026-01-24
PER-100123,EMP-0129,Isolde Loxley,isolde.loxley.emp-0129@co002.example,Engineering,Staff Engineer,IC,EMP-0033,2020-07-15,active,full_time,1.0,active,2025-10-26
PER-100124,EMP-0130,Perrin Oakhurst,perrin.oakhurst.emp-0130@co002.example,Engineering,Software Engineer,IC,EMP-0019,2020-09-18,active,full_time,1.0,active,2025-11-03
PER-100125,EMP-0131,Tobin Kirtland,tobin.kirtland.emp-0131@co002.example,Engineering,QA Engineer,IC,EMP-0023,2023-10-14,active,full_time,1.0,active,2026-03-29
PER-100126,EMP-0132,Isolde Kirtland,isolde.kirtland.emp-0132@co002.example,Engineering,QA Engineer,IC,EMP-0025,2023-01-19,active,full_time,1.0,active,2025-12-03
PER-100127,EMP-0133,Ewald Juniper,ewald.juniper.emp-0133@co002.example,Engineering,Senior Software Engineer,IC,EMP-0029,2024-09-15,active,full_time,1.0,active,2025-10-16
PER-100128,EMP-0135,Reyna Whitlock,reyna.whitlock.emp-0135@co002.example,Engineering,QA Engineer,IC,EMP-0021,2021-06-03,active,full_time,1.0,active,2025-12-25
PER-100129,EMP-0136,Cormac Grayling,cormac.grayling.emp-0136@co002.example,Engineering,QA Engineer,IC,EMP-0026,2021-09-26,active,full_time,1.0,active,2026-01-12
PER-100130,EMP-0137,Verity Vantree,verity.vantree.emp-0137@co002.example,Engineering,Senior Software Engineer,IC,EMP-0037,2025-03-10,active,full_time,1.0,active,2025-10-25
PER-100131,EMP-0138,Ewald Greywick,ewald.greywick.emp-0138@co002.example,Engineering,Staff Engineer,IC,EMP-0018,2023-08-06,active,full_time,1.0,active,2025-11-08
PER-100132,EMP-0139,Oleander Marchbanks,oleander.marchbanks.emp-0139@co002.example,Engineering,Software Engineer,IC,EMP-0036,2023-07-21,active,full_time,1.0,active,2026-03-15
PER-100133,EMP-0140,Junot Dunmore,junot.dunmore.emp-0140@co002.example,Engineering,Site Reliability Engineer,IC,EMP-0024,2020-12-21,active,full_time,1.0,active,2026-01-07
PER-100134,EMP-0141,Corwin Juniper,corwin.juniper.emp-0141@co002.example,Engineering,QA Engineer,IC,EMP-0025,2025-09-26,active,full_time,1.0,active,2026-01-07
PER-100135,EMP-0142,Odalys Thistlewood,odalys.thistlewood.emp-0142@co002.example,Engineering,QA Engineer,IC,EMP-0040,2022-10-21,active,full_time,1.0,active,2026-02-08
PER-100136,EMP-0144,Piran Everhart,piran.everhart.emp-0144@co002.example,Engineering,Staff Engineer,IC,EMP-0017,2020-07-10,active,full_time,1.0,active,2025-11-22
PER-100137,EMP-0145,Tamsin Hallowell,tamsin.hallowell.emp-0145@co002.example,Engineering,Software Engineer,IC,EMP-0034,2025-11-06,active,full_time,1.0,active,2026-03-06
PER-100138,EMP-0146,Quillon Norwich,quillon.norwich.emp-0146@co002.example,Engineering,Site Reliability Engineer,IC,EMP-0027,2020-06-02,active,full_time,1.0,active,2025-11-08
PER-100139,EMP-0147,Corin Ingledew,corin.ingledew.emp-0147@co002.example,Engineering,Software Engineer,IC,EMP-0031,2023-07-10,active,full_time,1.0,active,2025-10-01
PER-100140,EMP-0148,Sorrel Whitlock,sorrel.whitlock.emp-0148@co002.example,Engineering,QA Engineer,IC,EMP-0020,2022-01-19,active,full_time,1.0,active,2026-02-23
PER-100141,EMP-0149,Odalys Holloway,odalys.holloway.emp-0149@co002.example,Engineering,Software Engineer,IC,EMP-0022,2020-10-09,active,part_time,0.6,active,2026-03-18
PER-100142,EMP-0150,Perrin Osgood,perrin.osgood.emp-0150@co002.example,Engineering,QA Engineer,IC,EMP-0030,2025-03-12,active,full_time,1.0,active,2026-01-05
PER-100143,EMP-0151,Guinevere Quennell,guinevere.quennell.emp-0151@co002.example,Engineering,Staff Engineer,IC,EMP-0037,2025-05-07,active,full_time,1.0,active,2025-12-26
PER-100144,EMP-0152,Briar Grayling,briar.grayling.emp-0152@co002.example,Engineering,Site Reliability Engineer,IC,EMP-0027,2024-09-08,active,full_time,1.0,active,2025-11-04
PER-100145,EMP-0153,Yara Nightshade,yara.nightshade.emp-0153@co002.example,Engineering,Site Reliability Engineer,IC,EMP-0020,2020-12-20,active,full_time,1.0,active,2026-03-08
PER-100146,EMP-0154,Odalys Crestfall,odalys.crestfall.emp-0154@co002.example,Engineering,Senior Software Engineer,IC,EMP-0024,2020-06-03,active,full_time,1.0,active,2025-12-17
PER-100147,EMP-0155,Corwin Fairweather,corwin.fairweather.emp-0155@co002.example,Engineering,Staff Engineer,IC,EMP-0029,2023-11-02,active,full_time,1.0,active,2026-03-27
PER-100148,EMP-0156,Dashiell Pennington,dashiell.pennington.emp-0156@co002.example,Engineering,Staff Engineer,IC,EMP-0021,2024-07-28,active,full_time,1.0,active,2025-11-29
PER-100149,EMP-0157,Yara Moorfield,yara.moorfield.emp-0157@co002.example,Engineering,QA Engineer,IC,EMP-0034,2020-12-28,active,full_time,1.0,active,2026-01-10
PER-100150,EMP-0158,Guinevere Thistlewood,guinevere.thistlewood.emp-0158@co002.example,Engineering,Staff Engineer,IC,EMP-0019,2024-11-28,active,full_time,1.0,active,2025-12-15
PER-100151,EMP-0159,Freya Quennell,freya.quennell.emp-0159@co002.example,Engineering,Staff Engineer,IC,EMP-0027,2021-03-20,active,full_time,1.0,active,2026-01-02
PER-100152,EMP-0160,Sorrel Elderkin,sorrel.elderkin.emp-0160@co002.example,Engineering,Senior Software Engineer,IC,EMP-0038,2023-01-02,active,full_time,1.0,active,2026-03-03
PER-100153,EMP-0161,Hollis Larkspur,hollis.larkspur.emp-0161@co002.example,Engineering,Staff Engineer,IC,EMP-0023,2023-11-18,active,full_time,1.0,active,2025-11-10
PER-100154,EMP-0162,Quenby Oakhurst,quenby.oakhurst.emp-0162@co002.example,Engineering,Software Engineer,IC,EMP-0029,2023-04-25,active,full_time,1.0,active,2026-01-13
PER-100155,EMP-0163,Wrenna Larkspur,wrenna.larkspur.emp-0163@co002.example,Engineering,Senior Software Engineer,IC,EMP-0031,2024-04-15,active,full_time,1.0,active,2026-03-04
PER-100156,EMP-0164,Lior Hallowell,lior.hallowell.emp-0164@co002.example,Engineering,Site Reliability Engineer,IC,EMP-0040,2022-08-10,active,full_time,1.0,active,2026-02-12
PER-100157,EMP-0165,Tamsin Yarrow,tamsin.yarrow.emp-0165@co002.example,Engineering,Software Engineer,IC,EMP-0037,2025-04-14,active,full_time,1.0,active,2026-01-16
PER-100158,EMP-0166,Junot Yarrow,junot.yarrow.emp-0166@co002.example,Engineering,Site Reliability Engineer,IC,EMP-0014,2020-08-03,active,full_time,1.0,active,2025-12-26
PER-100159,EMP-0167,Perrin Millgate,perrin.millgate.emp-0167@co002.example,Engineering,Site Reliability Engineer,IC,EMP-0020,2021-11-10,active,part_time,0.8,active,2026-01-11
PER-100160,EMP-0168,Hollis Kestenbaum,hollis.kestenbaum.emp-0168@co002.example,Engineering,Software Engineer,IC,EMP-0040,2022-12-17,active,full_time,1.0,active,2025-12-23
PER-100161,EMP-0169,Emlyn Blackwood,emlyn.blackwood.emp-0169@co002.example,Engineering,Site Reliability Engineer,IC,EMP-0022,2022-06-22,active,full_time,1.0,active,2025-11-21
PER-100162,EMP-0170,Isolde Ravenscroft,isolde.ravenscroft.emp-0170@co002.example,Engineering,Site Reliability Engineer,IC,EMP-0021,2023-06-01,active,full_time,1.0,active,2026-02-17
PER-100163,EMP-0171,Quenby Grayling,quenby.grayling.emp-0171@co002.example,Engineering,Senior Software Engineer,IC,EMP-0040,2024-07-22,active,full_time,1.0,active,2026-03-05
PER-100164,EMP-0172,Saskia Elderkin,saskia.elderkin.emp-0172@co002.example,Engineering,Senior Software Engineer,IC,EMP-0019,2024-03-10,active,full_time,1.0,active,2025-11-25
PER-100165,EMP-0173,Quillon Dunmore,quillon.dunmore.emp-0173@co002.example,Engineering,Staff Engineer,IC,EMP-0040,2025-03-17,active,full_time,1.0,active,2026-03-16
PER-100166,EMP-0174,Fenwick Norwich,fenwick.norwich.emp-0174@co002.example,Engineering,Senior Software Engineer,IC,EMP-0020,2025-11-04,active,full_time,1.0,active,2025-11-23
PER-100167,EMP-0175,Wystan Ingledew,wystan.ingledew.emp-0175@co002.example,Engineering,Site Reliability Engineer,IC,EMP-0024,2023-10-10,active,full_time,1.0,active,2025-11-15
PER-100168,EMP-0176,Wystan Ravenscroft,wystan.ravenscroft.emp-0176@co002.example,Engineering,Software Engineer,IC,EMP-0019,2023-09-27,active,full_time,1.0,active,2025-10-04
PER-100169,EMP-0177,Gideon Yarrow,gideon.yarrow.emp-0177@co002.example,Engineering,QA Engineer,IC,EMP-0032,2021-01-15,active,full_time,1.0,active,2025-12-01
PER-100170,EMP-0178,Branwen Whitlock,branwen.whitlock.emp-0178@co002.example,Engineering,Senior Software Engineer,IC,EMP-0018,2026-01-22,active,full_time,1.0,active,2026-03-10
PER-100171,EMP-0179,Aldous Millgate,aldous.millgate.emp-0179@co002.example,Engineering,Senior Software Engineer,IC,EMP-0032,2023-10-18,active,full_time,1.0,active,2025-11-07
PER-100172,EMP-0180,Corin Moorfield,corin.moorfield.emp-0180@co002.example,Engineering,Software Engineer,IC,EMP-0040,2024-09-01,active,full_time,1.0,active,2025-12-26
PER-100173,EMP-0181,Sorrel Osgood,sorrel.osgood.emp-0181@co002.example,Engineering,Site Reliability Engineer,IC,EMP-0034,2023-05-17,active,full_time,1.0,active,2026-01-22
PER-100174,EMP-0182,Tamsin Fenmore,tamsin.fenmore.emp-0182@co002.example,Engineering,Site Reliability Engineer,IC,EMP-0024,2025-09-26,active,full_time,1.0,active,2025-10-07
PER-100175,EMP-0183,Rhoswen Greywick,rhoswen.greywick.emp-0183@co002.example,Engineering,Senior Software Engineer,IC,EMP-0036,2023-01-26,active,full_time,1.0,active,2026-03-07
PER-100176,EMP-0184,Oleander Grayling,oleander.grayling.emp-0184@co002.example,Engineering,Staff Engineer,IC,EMP-0039,2025-04-12,active,full_time,1.0,active,2025-11-11
PER-100177,EMP-0185,Kestrel Thistlewood,kestrel.thistlewood.emp-0185@co002.example,Engineering,Senior Software Engineer,IC,EMP-0041,2020-07-14,active,full_time,1.0,active,2026-01-31
PER-100178,EMP-0186,Lyric Ivorwood,lyric.ivorwood.emp-0186@co002.example,Engineering,Senior Software Engineer,IC,EMP-0023,2023-05-06,active,full_time,1.0,active,2025-10-13
PER-100179,EMP-0187,Thessaly Quennell,thessaly.quennell.emp-0187@co002.example,Engineering,Site Reliability Engineer,IC,EMP-0039,2022-03-05,active,full_time,1.0,active,2025-12-24
PER-100180,EMP-0188,Fenwick Everhart,fenwick.everhart.emp-0188@co002.example,Engineering,Site Reliability Engineer,IC,EMP-0038,2020-08-23,active,full_time,1.0,active,2026-03-20
PER-100181,EMP-0189,Saskia Underhill,saskia.underhill.emp-0189@co002.example,Engineering,Site Reliability Engineer,IC,EMP-0024,2021-01-19,active,full_time,1.0,active,2026-01-04
PER-100182,EMP-0190,Ulric Nightshade,ulric.nightshade.emp-0190@co002.example,Engineering,Senior Software Engineer,IC,EMP-0031,2021-03-07,active,full_time,1.0,active,2026-02-26
PER-100183,EMP-0191,Halcyon Osgood,halcyon.osgood.emp-0191@co002.example,Engineering,Software Engineer,IC,EMP-0014,2023-09-04,active,full_time,1.0,active,2025-11-03
PER-100184,EMP-0192,Freya Fairweather,freya.fairweather.emp-0192@co002.example,Product,"VP, Product",VP,EMP-0001,2022-04-25,active,full_time,1.0,active,2026-01-18
PER-100185,EMP-0193,Aldous Ivorwood,aldous.ivorwood.emp-0193@co002.example,Product,"Director, Product",Director,EMP-0192,2023-06-29,active,full_time,1.0,active,2025-11-22
PER-100186,EMP-0194,Ivo Hallowell,ivo.hallowell.emp-0194@co002.example,Product,"Director, Product",Director,EMP-0192,2021-11-15,active,part_time,0.6,active,2026-03-15
PER-100187,EMP-0195,Thessaly Blackwood,thessaly.blackwood.emp-0195@co002.example,Product,"Director, Product",Director,EMP-0192,2025-10-18,active,full_time,1.0,active,2025-11-17
PER-100188,EMP-0196,Isolde Nightshade,isolde.nightshade.emp-0196@co002.example,Product,Product Manager,Manager,EMP-0194,2023-02-12,active,full_time,1.0,active,2025-12-20
PER-100189,EMP-0197,Gideon Greywick,gideon.greywick.emp-0197@co002.example,Product,Product Manager,Manager,EMP-0193,2023-10-15,active,full_time,1.0,active,2026-03-02
PER-100190,EMP-0199,Baxter Dunmore,baxter.dunmore.emp-0199@co002.example,Product,Product Manager,Manager,EMP-0195,2022-02-03,active,full_time,1.0,active,2025-11-12
PER-100191,EMP-0200,Thessaly Jarrow,thessaly.jarrow.emp-0200@co002.example,Product,Product Manager,Manager,EMP-0195,2020-09-19,active,full_time,1.0,active,2026-01-05
PER-100192,EMP-0201,Wystan Dunmore,wystan.dunmore.emp-0201@co002.example,Product,Product Manager,Manager,EMP-0194,2021-09-15,active,full_time,1.0,active,2026-03-19
PER-100193,EMP-0202,Junot Nightshade,junot.nightshade.emp-0202@co002.example,Product,Product Manager,Manager,EMP-0195,2023-10-21,active,full_time,1.0,active,2025-11-16
PER-100194,EMP-0203,Verity Blackwood,verity.blackwood.emp-0203@co002.example,Product,Senior Product Manager,IC,EMP-0196,2020-08-05,active,full_time,1.0,active,2026-01-05
PER-100195,EMP-0204,Quenby Quennell,quenby.quennell.emp-0204@co002.example,Product,Product Analyst,IC,EMP-0199,2021-01-14,active,full_time,1.0,active,2025-11-17
PER-100196,EMP-0205,Kestrel Hallowell,kestrel.hallowell.emp-0205@co002.example,Product,Senior Product Manager,IC,EMP-0201,2021-11-20,active,full_time,1.0,active,2025-10-25
PER-100197,EMP-0206,Ivo Elderkin,ivo.elderkin.emp-0206@co002.example,Product,Product Manager,IC,EMP-0199,2021-11-09,active,full_time,1.0,active,2025-10-17
PER-100198,EMP-0207,Dashiell Kirtland,dashiell.kirtland.emp-0207@co002.example,Product,Senior Product Manager,IC,EMP-0197,2022-12-04,active,full_time,1.0,active,2026-01-29
PER-100199,EMP-0208,Yara Blackwood,yara.blackwood.emp-0208@co002.example,Product,Senior Product Manager,IC,EMP-0201,2024-02-26,active,full_time,1.0,active,2026-02-01
PER-100200,EMP-0209,Verity Holloway,verity.holloway.emp-0209@co002.example,Product,Product Analyst,IC,EMP-0197,2022-10-13,active,full_time,1.0,active,2025-12-14
PER-100201,EMP-0210,Quenby Pennington,quenby.pennington.emp-0210@co002.example,Product,Senior Product Manager,IC,EMP-0198,2021-05-28,active,full_time,1.0,active,2025-11-04
PER-100202,EMP-0211,Lior Whitlock,lior.whitlock.emp-0211@co002.example,Product,Product Analyst,IC,EMP-0202,2021-09-02,active,full_time,1.0,active,2026-03-10
PER-100203,EMP-0212,Verity Norwich,verity.norwich.emp-0212@co002.example,Product,Product Analyst,IC,EMP-0199,2025-07-25,active,full_time,1.0,active,2025-10-27
PER-100204,EMP-0213,Branwen Grayling,branwen.grayling.emp-0213@co002.example,Product,Product Manager,IC,EMP-0198,2021-02-03,active,full_time,1.0,active,2025-12-23
PER-100205,EMP-0214,Tamsin Larkspur,tamsin.larkspur.emp-0214@co002.example,Product,Senior Product Manager,IC,EMP-0200,2023-11-14,active,full_time,1.0,active,2025-10-10
PER-100206,EMP-0215,Piran Fairweather,piran.fairweather.emp-0215@co002.example,Product,Senior Product Manager,IC,EMP-0202,2022-09-28,active,full_time,1.0,active,2025-10-27
PER-100207,EMP-0216,Freya Grayling,freya.grayling.emp-0216@co002.example,Product,Senior Product Manager,IC,EMP-0199,2022-10-11,active,full_time,1.0,active,2026-03-29
PER-100208,EMP-0217,Zephyrine Whitlock,zephyrine.whitlock.emp-0217@co002.example,Product,Product Manager,IC,EMP-0198,2024-01-19,active,full_time,1.0,active,2026-03-04
PER-100209,EMP-0218,Quenby Underhill,quenby.underhill.emp-0218@co002.example,Product,Product Analyst,IC,EMP-0200,2023-06-13,active,full_time,1.0,active,2025-11-08
PER-100210,EMP-0219,Marlowe Fenmore,marlowe.fenmore.emp-0219@co002.example,Product,Product Manager,IC,EMP-0199,2023-07-16,active,full_time,1.0,active,2025-10-26
PER-100211,EMP-0220,Branwen Nightshade,branwen.nightshade.emp-0220@co002.example,Product,Product Analyst,IC,EMP-0198,2021-06-11,active,full_time,1.0,active,2026-01-20
PER-100212,EMP-0221,Sable Ravenscroft,sable.ravenscroft.emp-0221@co002.example,Product,Product Analyst,IC,EMP-0196,2025-08-20,active,full_time,1.0,active,2026-02-23
PER-100213,EMP-0222,Aldous Ashby,aldous.ashby.emp-0222@co002.example,Product,Product Analyst,IC,EMP-0202,2025-01-21,active,full_time,1.0,active,2025-12-18
PER-100214,EMP-0223,Freya Millgate,freya.millgate.emp-0223@co002.example,Product,Product Manager,IC,EMP-0198,2022-08-15,active,full_time,1.0,active,2025-10-13
PER-100215,EMP-0224,Wystan Quennell,wystan.quennell.emp-0224@co002.example,Product,Product Analyst,IC,EMP-0199,2022-07-09,active,full_time,1.0,active,2026-02-01
PER-100216,EMP-0225,Faro Kestenbaum,faro.kestenbaum.emp-0225@co002.example,Product,Product Manager,IC,EMP-0197,2020-06-26,active,full_time,1.0,active,2026-03-28
PER-100217,EMP-0226,Zephyrine Norwich,zephyrine.norwich.emp-0226@co002.example,Product,Senior Product Manager,IC,EMP-0201,2022-02-20,active,full_time,1.0,active,2026-03-20
PER-100218,EMP-0227,Zephyrine Juniper,zephyrine.juniper.emp-0227@co002.example,Product,Senior Product Manager,IC,EMP-0198,2022-07-29,active,full_time,1.0,active,2026-03-24
PER-100219,EMP-0228,Ivo Marchbanks,ivo.marchbanks.emp-0228@co002.example,Product,Senior Product Manager,IC,EMP-0196,2021-10-18,active,full_time,1.0,active,2026-01-23
PER-100220,EMP-0229,Junot Crestfall,junot.crestfall.emp-0229@co002.example,Product,Product Analyst,IC,EMP-0200,2024-03-09,active,full_time,1.0,active,2025-11-25
PER-100221,EMP-0230,Halcyon Pemberton,halcyon.pemberton.emp-0230@co002.example,Product,Product Manager,IC,EMP-0200,2021-05-03,active,part_time,0.8,active,2026-03-08
PER-100222,EMP-0231,Nessa Grayling,nessa.grayling.emp-0231@co002.example,Product,Product Analyst,IC,EMP-0199,2026-01-19,active,full_time,1.0,active,2026-03-15
PER-100223,EMP-0232,Branwen Kirtland,branwen.kirtland.emp-0232@co002.example,Product,Senior Product Manager,IC,EMP-0198,2022-06-05,active,full_time,1.0,active,2026-01-28
PER-100224,EMP-0233,Sable Quennell,sable.quennell.emp-0233@co002.example,Product,Product Manager,IC,EMP-0197,2023-12-24,active,full_time,1.0,active,2026-01-04
PER-100225,EMP-0234,Nessa Marchbanks,nessa.marchbanks.emp-0234@co002.example,Product,Product Analyst,IC,EMP-0199,2024-08-10,active,full_time,1.0,active,2026-02-18
PER-100226,EMP-0235,Zephyrine Quennell,zephyrine.quennell.emp-0235@co002.example,Product,Senior Product Manager,IC,EMP-0198,2022-05-22,active,full_time,1.0,active,2025-12-12
PER-100227,EMP-0236,Ondine Bellcrest,ondine.bellcrest.emp-0236@co002.example,Product,Senior Product Manager,IC,EMP-0200,2020-11-24,active,full_time,1.0,active,2025-10-05
PER-100228,EMP-0237,Faro Dunmore,faro.dunmore.emp-0237@co002.example,Product,Product Analyst,IC,EMP-0196,2023-08-25,active,full_time,1.0,active,2026-03-11
PER-100229,EMP-0238,Reyna Ingledew,reyna.ingledew.emp-0238@co002.example,Product,Product Manager,IC,EMP-0201,2025-11-25,active,full_time,1.0,active,2026-03-08
PER-100230,EMP-0239,Gideon Fairweather,gideon.fairweather.emp-0239@co002.example,Product,Product Manager,IC,EMP-0200,2024-10-03,active,full_time,1.0,active,2026-02-28
PER-100231,EMP-0240,Zephyrine Ashgrove,zephyrine.ashgrove.emp-0240@co002.example,Product,Senior Product Manager,IC,EMP-0200,2021-03-22,active,full_time,1.0,active,2026-01-06
PER-100232,EMP-0241,Fenwick Duskwood,fenwick.duskwood.emp-0241@co002.example,Sales,"VP, Sales",VP,EMP-0001,2023-01-30,active,full_time,1.0,active,2025-12-11
PER-100233,EMP-0242,Marlowe Millgate,marlowe.millgate.emp-0242@co002.example,Sales,"Director, Sales",Director,EMP-0241,2025-10-17,active,full_time,1.0,active,2026-03-20
PER-100234,EMP-0243,Zephyrine Everhart,zephyrine.everhart.emp-0243@co002.example,Sales,"Director, Sales",Director,EMP-0241,2025-03-13,active,full_time,1.0,active,2025-11-23
PER-100235,EMP-0244,Lyric Ingledew,lyric.ingledew.emp-0244@co002.example,Sales,"Director, Sales",Director,EMP-0241,2023-08-03,active,full_time,1.0,active,2025-12-09
PER-100236,EMP-0245,Ulric Ingledew,ulric.ingledew.emp-0245@co002.example,Sales,"Director, Sales",Director,EMP-0241,2022-08-24,active,full_time,1.0,active,2025-12-20
PER-100237,EMP-0246,Piran Crestfall,piran.crestfall.emp-0246@co002.example,Sales,"Director, Sales",Director,EMP-0241,2021-10-11,active,full_time,1.0,active,2026-01-14
PER-100238,EMP-0247,Piran Hallowell,piran.hallowell.emp-0247@co002.example,Sales,"Director, Sales",Director,EMP-0241,2022-05-24,active,full_time,1.0,active,2026-03-23
PER-100239,EMP-0248,Piran Kestenbaum,piran.kestenbaum.emp-0248@co002.example,Sales,Sales Manager,Manager,EMP-0245,2023-01-28,active,full_time,1.0,active,2026-01-04
PER-100240,EMP-0249,Fenwick Quennell,fenwick.quennell.emp-0249@co002.example,Sales,Sales Manager,Manager,EMP-0245,2021-08-02,active,full_time,1.0,active,2025-12-09
PER-100241,EMP-0250,Kestrel Corrigan,kestrel.corrigan.emp-0250@co002.example,Sales,Sales Manager,Manager,EMP-0244,2023-06-25,active,full_time,1.0,active,2026-01-21
PER-100242,EMP-0251,Briar Fenmore,briar.fenmore.emp-0251@co002.example,Sales,Sales Manager,Manager,EMP-0247,2025-05-29,active,full_time,1.0,active,2026-02-06
PER-100243,EMP-0252,Halcyon Jarrow,halcyon.jarrow.emp-0252@co002.example,Sales,Sales Manager,Manager,EMP-0242,2023-11-02,active,full_time,1.0,active,2026-03-24
PER-100244,EMP-0253,Lior Moorfield,lior.moorfield.emp-0253@co002.example,Sales,Sales Manager,Manager,EMP-0243,2021-02-04,active,full_time,1.0,active,2026-02-13
PER-100245,EMP-0254,Odalys Pemberton,odalys.pemberton.emp-0254@co002.example,Sales,Sales Manager,Manager,EMP-0244,2025-04-13,active,part_time,0.6,active,2026-03-06
PER-100246,EMP-0255,Tobin Blackwood,tobin.blackwood.emp-0255@co002.example,Sales,Sales Manager,Manager,EMP-0246,2023-12-31,active,full_time,1.0,active,2025-12-29
PER-100247,EMP-0256,Branwen Millgate,branwen.millgate.emp-0256@co002.example,Sales,Sales Manager,Manager,EMP-0242,2025-03-09,active,full_time,1.0,active,2026-02-09
PER-100248,EMP-0257,Reyna Loxley,reyna.loxley.emp-0257@co002.example,Sales,Sales Manager,Manager,EMP-0247,2023-04-24,active,full_time,1.0,active,2026-01-24
PER-100249,EMP-0258,Fenwick Oakhurst,fenwick.oakhurst.emp-0258@co002.example,Sales,Sales Manager,Manager,EMP-0246,2021-01-12,active,part_time,0.6,active,2025-12-25
PER-100250,EMP-0259,Rhoswen Millgate,rhoswen.millgate.emp-0259@co002.example,Sales,Sales Manager,Manager,EMP-0245,2021-11-19,active,full_time,1.0,active,2026-01-21
PER-100251,EMP-0260,Junot Bellcrest,junot.bellcrest.emp-0260@co002.example,Sales,Sales Manager,Manager,EMP-0247,2022-10-10,active,full_time,1.0,active,2025-11-29
PER-100252,EMP-0261,Piran Loxley,piran.loxley.emp-0261@co002.example,Sales,Sales Manager,Manager,EMP-0243,2024-04-09,active,full_time,1.0,active,2025-10-29
PER-100253,EMP-0262,Marlowe Pemberton,marlowe.pemberton.emp-0262@co002.example,Sales,Sales Manager,Manager,EMP-0245,2021-04-11,active,full_time,1.0,active,2026-01-12
PER-100254,EMP-0263,Wystan Hallowell,wystan.hallowell.emp-0263@co002.example,Sales,Sales Manager,Manager,EMP-0245,2023-04-15,active,full_time,1.0,active,2025-10-27
PER-100255,EMP-0264,Oleander Jarrow,oleander.jarrow.emp-0264@co002.example,Sales,Enterprise Account Executive,IC,EMP-0250,2025-09-18,active,full_time,1.0,active,2026-02-10
PER-100256,EMP-0265,Tobin Greywick,tobin.greywick.emp-0265@co002.example,Sales,Sales Development Rep,IC,EMP-0263,2025-04-20,active,full_time,1.0,active,2025-10-13
PER-100257,EMP-0266,Piran Larkspur,piran.larkspur.emp-0266@co002.example,Sales,Enterprise Account Executive,IC,EMP-0249,2025-09-02,active,full_time,1.0,active,2025-12-26
PER-100258,EMP-0267,Marlowe Yarrow,marlowe.yarrow.emp-0267@co002.example,Sales,Enterprise Account Executive,IC,EMP-0261,2026-01-08,active,full_time,1.0,active,2026-01-14
PER-100259,EMP-0268,Tobin Ashby,tobin.ashby.emp-0268@co002.example,Sales,Sales Development Rep,IC,EMP-0248,2021-08-04,active,full_time,1.0,active,2025-12-13
PER-100260,EMP-0269,Fenwick Ivorwood,fenwick.ivorwood.emp-0269@co002.example,Sales,Enterprise Account Executive,IC,EMP-0261,2021-03-06,active,full_time,1.0,active,2025-11-05
PER-100261,EMP-0270,Junot Grayling,junot.grayling.emp-0270@co002.example,Sales,Sales Engineer,IC,EMP-0260,2025-08-29,active,full_time,1.0,active,2026-02-28
PER-100262,EMP-0271,Reyna Greywick,reyna.greywick.emp-0271@co002.example,Sales,Sales Engineer,IC,EMP-0248,2020-11-30,active,full_time,1.0,active,2025-12-15
PER-100263,EMP-0272,Wrenna Corrigan,wrenna.corrigan.emp-0272@co002.example,Sales,Account Executive,IC,EMP-0263,2025-11-15,active,full_time,1.0,active,2025-11-15
PER-100264,EMP-0273,Honora Underhill,honora.underhill.emp-0273@co002.example,Sales,Account Executive,IC,EMP-0250,2022-04-13,active,full_time,1.0,active,2026-01-05
PER-100265,EMP-0274,Odalys Ivorwood,odalys.ivorwood.emp-0274@co002.example,Sales,Sales Development Rep,IC,EMP-0260,2020-11-16,active,full_time,1.0,active,2026-03-05
PER-100266,EMP-0275,Hollis Fairweather,hollis.fairweather.emp-0275@co002.example,Sales,Account Executive,IC,EMP-0253,2021-06-23,active,full_time,1.0,active,2025-12-14
PER-100267,EMP-0276,Odalys Whitlock,odalys.whitlock.emp-0276@co002.example,Sales,Enterprise Account Executive,IC,EMP-0261,2024-03-30,active,full_time,1.0,active,2025-10-07
PER-100268,EMP-0277,Cormac Kestenbaum,cormac.kestenbaum.emp-0277@co002.example,Sales,Enterprise Account Executive,IC,EMP-0262,2025-06-23,active,full_time,1.0,active,2026-01-07
PER-100269,EMP-0278,Merritt Crestfall,merritt.crestfall.emp-0278@co002.example,Sales,Sales Development Rep,IC,EMP-0262,2023-06-20,active,full_time,1.0,active,2025-11-28
PER-100270,EMP-0280,Verity Hallowell,verity.hallowell.emp-0280@co002.example,Sales,Sales Engineer,IC,EMP-0249,2020-12-30,active,full_time,1.0,active,2025-12-13
PER-100271,EMP-0281,Rhoswen Underhill,rhoswen.underhill.emp-0281@co002.example,Sales,Account Executive,IC,EMP-0261,2021-12-15,active,full_time,1.0,active,2025-10-22
PER-100272,EMP-0282,Emlyn Marchbanks,emlyn.marchbanks.emp-0282@co002.example,Sales,Enterprise Account Executive,IC,EMP-0254,2022-09-30,active,full_time,1.0,active,2026-01-22
PER-100273,EMP-0283,Hollis Pemberton,hollis.pemberton.emp-0283@co002.example,Sales,Sales Engineer,IC,EMP-0258,2021-09-21,active,full_time,1.0,active,2025-12-15
PER-100274,EMP-0284,Zephyrine Holloway,zephyrine.holloway.emp-0284@co002.example,Sales,Enterprise Account Executive,IC,EMP-0260,2025-10-06,active,full_time,1.0,active,2026-03-30
PER-100275,EMP-0285,Saskia Pemberton,saskia.pemberton.emp-0285@co002.example,Sales,Enterprise Account Executive,IC,EMP-0263,2024-01-05,active,part_time,0.6,active,2025-12-07
PER-100276,EMP-0286,Lyric Elderkin,lyric.elderkin.emp-0286@co002.example,Sales,Sales Engineer,IC,EMP-0251,2021-01-11,active,full_time,1.0,active,2026-03-19
PER-100277,EMP-0287,Ewald Bellcrest,ewald.bellcrest.emp-0287@co002.example,Sales,Account Executive,IC,EMP-0249,2024-11-30,active,full_time,1.0,active,2026-02-24
PER-100278,EMP-0288,Quenby Ravenscroft,quenby.ravenscroft.emp-0288@co002.example,Sales,Sales Development Rep,IC,EMP-0261,2020-07-14,active,full_time,1.0,active,2026-01-15
PER-100279,EMP-0289,Verity Quennell,verity.quennell.emp-0289@co002.example,Sales,Sales Engineer,IC,EMP-0251,2023-04-20,active,full_time,1.0,active,2025-11-18
PER-100280,EMP-0290,Quenby Yarrow,quenby.yarrow.emp-0290@co002.example,Sales,Account Executive,IC,EMP-0260,2024-03-28,active,full_time,1.0,active,2025-10-24
PER-100281,EMP-0291,Baxter Duskwood,baxter.duskwood.emp-0291@co002.example,Sales,Enterprise Account Executive,IC,EMP-0252,2024-05-20,active,full_time,1.0,active,2025-11-11
PER-100282,EMP-0292,Tobin Fenmore,tobin.fenmore.emp-0292@co002.example,Sales,Account Executive,IC,EMP-0254,2023-09-05,active,full_time,1.0,active,2025-10-11
PER-100283,EMP-0293,Marlowe Moorfield,marlowe.moorfield.emp-0293@co002.example,Sales,Sales Development Rep,IC,EMP-0259,2025-02-07,active,full_time,1.0,active,2026-01-08
PER-100284,EMP-0294,Lyric Nightshade,lyric.nightshade.emp-0294@co002.example,Sales,Sales Engineer,IC,EMP-0262,2023-09-23,active,part_time,0.8,active,2026-03-11
PER-100285,EMP-0295,Marlowe Osgood,marlowe.osgood.emp-0295@co002.example,Sales,Account Executive,IC,EMP-0262,2020-05-16,active,full_time,1.0,active,2026-03-01
PER-100286,EMP-0296,Wystan Osgood,wystan.osgood.emp-0296@co002.example,Sales,Account Executive,IC,EMP-0252,2024-06-10,active,full_time,1.0,active,2025-11-16
PER-100287,EMP-0297,Cassian Whitlock,cassian.whitlock.emp-0297@co002.example,Sales,Sales Development Rep,IC,EMP-0256,2023-10-13,active,full_time,1.0,active,2026-03-04
PER-100288,EMP-0298,Delphine Whitlock,delphine.whitlock.emp-0298@co002.example,Sales,Sales Development Rep,IC,EMP-0261,2020-08-18,active,full_time,1.0,active,2025-12-11
PER-100289,EMP-0299,Halcyon Norwich,halcyon.norwich.emp-0299@co002.example,Sales,Enterprise Account Executive,IC,EMP-0257,2022-01-13,active,full_time,1.0,active,2026-03-18
PER-100290,EMP-0300,Tobin Thistlewood,tobin.thistlewood.emp-0300@co002.example,Sales,Enterprise Account Executive,IC,EMP-0255,2021-05-18,active,full_time,1.0,active,2026-01-07
PER-100291,EMP-0301,Piran Underhill,piran.underhill.emp-0301@co002.example,Sales,Sales Engineer,IC,EMP-0255,2022-03-15,active,full_time,1.0,active,2026-03-22
PER-100292,EMP-0303,Faro Blackwood,faro.blackwood.emp-0303@co002.example,Sales,Enterprise Account Executive,IC,EMP-0255,2021-09-06,active,full_time,1.0,active,2026-01-06
PER-100293,EMP-0304,Merritt Moorfield,merritt.moorfield.emp-0304@co002.example,Sales,Enterprise Account Executive,IC,EMP-0257,2021-04-18,active,full_time,1.0,active,2026-03-29
PER-100294,EMP-0305,Faro Juniper,faro.juniper.emp-0305@co002.example,Sales,Sales Engineer,IC,EMP-0256,2022-01-26,active,full_time,1.0,active,2026-04-03
PER-100295,EMP-0306,Aldous Marchbanks,aldous.marchbanks.emp-0306@co002.example,Sales,Sales Development Rep,IC,EMP-0252,2025-12-15,active,full_time,1.0,active,2026-02-10
PER-100296,EMP-0307,Verity Bellcrest,verity.bellcrest.emp-0307@co002.example,Sales,Sales Engineer,IC,EMP-0248,2021-01-08,active,full_time,1.0,active,2026-03-07
PER-100297,EMP-0308,Wystan Fairweather,wystan.fairweather.emp-0308@co002.example,Sales,Enterprise Account Executive,IC,EMP-0258,2025-06-23,active,full_time,1.0,active,2026-01-18
PER-100298,EMP-0309,Quillon Greywick,quillon.greywick.emp-0309@co002.example,Sales,Account Executive,IC,EMP-0257,2024-01-01,active,full_time,1.0,active,2025-12-01
PER-100299,EMP-0310,Cormac Norwich,cormac.norwich.emp-0310@co002.example,Sales,Sales Development Rep,IC,EMP-0249,2021-02-20,active,full_time,1.0,active,2025-10-16
PER-100300,EMP-0311,Kestrel Ashby,kestrel.ashby.emp-0311@co002.example,Sales,Sales Development Rep,IC,EMP-0252,2023-09-24,active,full_time,1.0,active,2026-02-21
PER-100301,EMP-0312,Ulric Marchbanks,ulric.marchbanks.emp-0312@co002.example,Sales,Sales Development Rep,IC,EMP-0263,2021-04-30,active,full_time,1.0,active,2025-11-23
PER-100302,EMP-0313,Emlyn Underhill,emlyn.underhill.emp-0313@co002.example,Sales,Sales Engineer,IC,EMP-0250,2022-09-07,active,full_time,1.0,active,2025-11-19
PER-100303,EMP-0314,Rhoswen Ashgrove,rhoswen.ashgrove.emp-0314@co002.example,Sales,Sales Development Rep,IC,EMP-0249,2022-07-30,active,full_time,1.0,active,2026-03-18
PER-100304,EMP-0315,Lyric Fenmore,lyric.fenmore.emp-0315@co002.example,Sales,Account Executive,IC,EMP-0257,2022-02-09,active,full_time,1.0,active,2025-11-04
PER-100305,EMP-0316,Saskia Marchbanks,saskia.marchbanks.emp-0316@co002.example,Sales,Enterprise Account Executive,IC,EMP-0248,2021-03-29,active,full_time,1.0,active,2025-10-03
PER-100306,EMP-0317,Briar Underhill,briar.underhill.emp-0317@co002.example,Sales,Enterprise Account Executive,IC,EMP-0262,2025-06-20,active,full_time,1.0,active,2026-03-31
PER-100307,EMP-0318,Halcyon Marchbanks,halcyon.marchbanks.emp-0318@co002.example,Sales,Sales Development Rep,IC,EMP-0261,2021-01-13,active,full_time,1.0,active,2025-10-01
PER-100308,EMP-0319,Ulric Ivorwood,ulric.ivorwood.emp-0319@co002.example,Sales,Sales Engineer,IC,EMP-0256,2025-03-07,active,full_time,1.0,active,2025-12-10
PER-100309,EMP-0320,Rhoswen Quennell,rhoswen.quennell.emp-0320@co002.example,Sales,Enterprise Account Executive,IC,EMP-0255,2024-01-27,active,full_time,1.0,active,2026-03-21
PER-100310,EMP-0321,Isolde Marchbanks,isolde.marchbanks.emp-0321@co002.example,Sales,Account Executive,IC,EMP-0255,2020-12-07,active,full_time,1.0,active,2025-10-04
PER-100311,EMP-0322,Briar Jarrow,briar.jarrow.emp-0322@co002.example,Sales,Account Executive,IC,EMP-0255,2024-04-04,active,full_time,1.0,active,2026-03-25
PER-100312,EMP-0323,Saskia Nightshade,saskia.nightshade.emp-0323@co002.example,Sales,Account Executive,IC,EMP-0262,2020-06-22,active,full_time,1.0,active,2026-02-20
PER-100313,EMP-0324,Aldous Elderkin,aldous.elderkin.emp-0324@co002.example,Sales,Sales Engineer,IC,EMP-0252,2024-09-16,active,full_time,1.0,active,2026-02-10
PER-100314,EMP-0325,Briar Oakhurst,briar.oakhurst.emp-0325@co002.example,Sales,Enterprise Account Executive,IC,EMP-0253,2023-11-23,active,full_time,1.0,active,2025-11-03
PER-100315,EMP-0326,Zephyrine Ashby,zephyrine.ashby.emp-0326@co002.example,Sales,Sales Engineer,IC,EMP-0257,2025-01-17,active,full_time,1.0,active,2026-02-28
PER-100316,EMP-0327,Saskia Holloway,saskia.holloway.emp-0327@co002.example,Sales,Account Executive,IC,EMP-0260,2022-05-01,active,full_time,1.0,active,2026-02-21
PER-100317,EMP-0328,Honora Duskwood,honora.duskwood.emp-0328@co002.example,Sales,Enterprise Account Executive,IC,EMP-0256,2021-09-30,active,full_time,1.0,active,2025-10-19
PER-100318,EMP-0329,Quillon Osgood,quillon.osgood.emp-0329@co002.example,Sales,Account Executive,IC,EMP-0250,2025-08-02,active,full_time,1.0,active,2026-02-01
PER-100319,EMP-0330,Lyric Kestenbaum,lyric.kestenbaum.emp-0330@co002.example,Sales,Sales Engineer,IC,EMP-0249,2024-08-03,active,full_time,1.0,active,2025-11-21
PER-100320,EMP-0331,Cassian Pemberton,cassian.pemberton.emp-0331@co002.example,Sales,Account Executive,IC,EMP-0260,2024-12-12,active,full_time,1.0,active,2025-11-17
PER-100321,EMP-0332,Oleander Ingledew,oleander.ingledew.emp-0332@co002.example,Sales,Sales Development Rep,IC,EMP-0253,2022-06-19,active,full_time,1.0,active,2026-03-23
PER-100322,EMP-0333,Dashiell Nightshade,dashiell.nightshade.emp-0333@co002.example,Sales,Sales Engineer,IC,EMP-0249,2025-11-05,active,full_time,1.0,active,2026-03-18
PER-100323,EMP-0334,Oleander Duskwood,oleander.duskwood.emp-0334@co002.example,Sales,Sales Development Rep,IC,EMP-0251,2023-03-25,active,full_time,1.0,active,2025-10-15
PER-100324,EMP-0335,Thessaly Greywick,thessaly.greywick.emp-0335@co002.example,Sales,Account Executive,IC,EMP-0250,2023-04-21,active,full_time,1.0,active,2026-01-11
PER-100325,EMP-0336,Rhoswen Juniper,rhoswen.juniper.emp-0336@co002.example,Sales,Enterprise Account Executive,IC,EMP-0250,2023-04-12,active,full_time,1.0,active,2026-01-30
PER-100326,EMP-0337,Emlyn Larkspur,emlyn.larkspur.emp-0337@co002.example,Sales,Sales Development Rep,IC,EMP-0262,2025-06-10,active,full_time,1.0,active,2025-12-13
PER-100327,EMP-0338,Delphine Millgate,delphine.millgate.emp-0338@co002.example,Sales,Enterprise Account Executive,IC,EMP-0251,2020-05-29,active,full_time,1.0,active,2026-01-13
PER-100328,EMP-0339,Ondine Holloway,ondine.holloway.emp-0339@co002.example,Sales,Account Executive,IC,EMP-0257,2020-06-04,active,full_time,1.0,active,2025-11-23
PER-100329,EMP-0340,Perrin Dunmore,perrin.dunmore.emp-0340@co002.example,Sales,Sales Development Rep,IC,EMP-0257,2022-08-07,active,full_time,1.0,active,2026-03-02
PER-100330,EMP-0341,Cassian Duskwood,cassian.duskwood.emp-0341@co002.example,Sales,Sales Engineer,IC,EMP-0256,2023-05-09,active,full_time,1.0,active,2026-02-11
PER-100331,EMP-0342,Merritt Ashgrove,merritt.ashgrove.emp-0342@co002.example,Sales,Sales Development Rep,IC,EMP-0260,2021-09-01,active,full_time,1.0,active,2025-10-24
PER-100332,EMP-0343,Emlyn Fairweather,emlyn.fairweather.emp-0343@co002.example,Sales,Sales Engineer,IC,EMP-0262,2020-05-27,active,full_time,1.0,active,2025-10-30
PER-100333,EMP-0344,Sorrel Greywick,sorrel.greywick.emp-0344@co002.example,Sales,Sales Engineer,IC,EMP-0257,2021-06-25,active,full_time,1.0,active,2026-01-30
PER-100334,EMP-0345,Thessaly Juniper,thessaly.juniper.emp-0345@co002.example,Sales,Enterprise Account Executive,IC,EMP-0262,2024-09-26,active,full_time,1.0,active,2026-02-16
PER-100335,EMP-0346,Halcyon Elderkin,halcyon.elderkin.emp-0346@co002.example,Sales,Enterprise Account Executive,IC,EMP-0262,2020-11-29,active,full_time,1.0,active,2025-10-31
PER-100336,EMP-0347,Tobin Marchbanks,tobin.marchbanks.emp-0347@co002.example,Sales,Sales Engineer,IC,EMP-0259,2022-08-05,active,full_time,1.0,active,2025-10-12
PER-100337,EMP-0348,Gideon Larkspur,gideon.larkspur.emp-0348@co002.example,Marketing,"VP, Marketing",VP,EMP-0001,2019-08-03,active,full_time,1.0,active,2025-12-03
PER-100338,EMP-0349,Isolde Corrigan,isolde.corrigan.emp-0349@co002.example,Marketing,"Director, Marketing",Director,EMP-0348,2024-07-16,active,full_time,1.0,active,2026-01-31
PER-100339,EMP-0350,Tobin Yarrow,tobin.yarrow.emp-0350@co002.example,Marketing,"Director, Marketing",Director,EMP-0348,2020-12-01,active,full_time,1.0,active,2026-02-21
PER-100340,EMP-0351,Merritt Oakhurst,merritt.oakhurst.emp-0351@co002.example,Marketing,Marketing Manager,Manager,EMP-0350,2021-09-07,active,full_time,1.0,active,2025-11-29
PER-100341,EMP-0352,Wystan Fenmore,wystan.fenmore.emp-0352@co002.example,Marketing,Marketing Manager,Manager,EMP-0349,2023-11-01,active,full_time,1.0,active,2026-01-29
PER-100342,EMP-0353,Emlyn Juniper,emlyn.juniper.emp-0353@co002.example,Marketing,Marketing Manager,Manager,EMP-0350,2020-04-12,active,full_time,1.0,active,2025-12-08
PER-100343,EMP-0354,Merritt Pennington,merritt.pennington.emp-0354@co002.example,Marketing,Marketing Manager,Manager,EMP-0349,2022-12-03,active,full_time,1.0,active,2026-01-27
PER-100344,EMP-0355,Freya Ravenscroft,freya.ravenscroft.emp-0355@co002.example,Marketing,Marketing Manager,Manager,EMP-0349,2020-10-15,active,full_time,1.0,active,2026-02-22
PER-100345,EMP-0356,Quillon Kestenbaum,quillon.kestenbaum.emp-0356@co002.example,Marketing,Marketing Manager,Manager,EMP-0349,2025-09-19,active,full_time,1.0,active,2026-02-14
PER-100346,EMP-0357,Ewald Larkspur,ewald.larkspur.emp-0357@co002.example,Marketing,Demand Generation Specialist,IC,EMP-0356,2022-07-11,active,full_time,1.0,active,2025-11-20
PER-100347,EMP-0358,Lior Underhill,lior.underhill.emp-0358@co002.example,Marketing,Content Marketer,IC,EMP-0355,2023-07-13,active,full_time,1.0,active,2026-01-31
PER-100348,EMP-0359,Baxter Nightshade,baxter.nightshade.emp-0359@co002.example,Marketing,Demand Generation Specialist,IC,EMP-0356,2021-06-18,active,full_time,1.0,active,2026-01-15
PER-100349,EMP-0360,Wrenna Underhill,wrenna.underhill.emp-0360@co002.example,Marketing,Content Marketer,IC,EMP-0356,2025-09-28,active,full_time,1.0,active,2026-01-26
PER-100350,EMP-0361,Freya Moorfield,freya.moorfield.emp-0361@co002.example,Marketing,Demand Generation Specialist,IC,EMP-0355,2022-09-26,active,full_time,1.0,active,2025-12-05
PER-100351,EMP-0362,Tobin Bellcrest,tobin.bellcrest.emp-0362@co002.example,Marketing,Marketing Manager,IC,EMP-0355,2021-09-12,active,full_time,1.0,active,2025-10-10
PER-100352,EMP-0363,Ewald Everhart,ewald.everhart.emp-0363@co002.example,Marketing,Demand Generation Specialist,IC,EMP-0351,2021-05-10,active,full_time,1.0,active,2026-03-06
PER-100353,EMP-0364,Yara Norwich,yara.norwich.emp-0364@co002.example,Marketing,Demand Generation Specialist,IC,EMP-0352,2025-01-10,active,full_time,1.0,active,2025-10-06
PER-100354,EMP-0365,Lior Blackwood,lior.blackwood.emp-0365@co002.example,Marketing,Demand Generation Specialist,IC,EMP-0355,2022-11-22,active,full_time,1.0,active,2025-10-23
PER-100355,EMP-0366,Saskia Hallowell,saskia.hallowell.emp-0366@co002.example,Marketing,Marketing Manager,IC,EMP-0351,2022-06-17,active,full_time,1.0,active,2026-01-25
PER-100356,EMP-0367,Emlyn Holloway,emlyn.holloway.emp-0367@co002.example,Marketing,Marketing Manager,IC,EMP-0356,2026-02-09,active,full_time,1.0,active,2026-03-22
PER-100357,EMP-0368,Wystan Elderkin,wystan.elderkin.emp-0368@co002.example,Marketing,Demand Generation Specialist,IC,EMP-0354,2023-12-25,active,full_time,1.0,active,2026-01-27
PER-100358,EMP-0369,Ulric Oakhurst,ulric.oakhurst.emp-0369@co002.example,Marketing,Marketing Manager,IC,EMP-0352,2024-12-25,active,full_time,1.0,active,2025-12-22
PER-100359,EMP-0370,Junot Juniper,junot.juniper.emp-0370@co002.example,Marketing,Content Marketer,IC,EMP-0351,2024-09-04,active,full_time,1.0,active,2026-02-25
PER-100360,EMP-0371,Corwin Pemberton,corwin.pemberton.emp-0371@co002.example,Marketing,Content Marketer,IC,EMP-0356,2024-01-13,active,full_time,1.0,active,2025-12-12
PER-100361,EMP-0372,Ulric Holloway,ulric.holloway.emp-0372@co002.example,Marketing,Marketing Manager,IC,EMP-0352,2025-07-11,active,full_time,1.0,active,2025-11-21
PER-100362,EMP-0373,Honora Osgood,honora.osgood.emp-0373@co002.example,Marketing,Demand Generation Specialist,IC,EMP-0352,2022-12-19,active,full_time,1.0,active,2025-12-31
PER-100363,EMP-0374,Briar Greywick,briar.greywick.emp-0374@co002.example,Marketing,Demand Generation Specialist,IC,EMP-0355,2020-11-25,active,full_time,1.0,active,2025-10-28
PER-100364,EMP-0375,Ivo Quennell,ivo.quennell.emp-0375@co002.example,Marketing,Demand Generation Specialist,IC,EMP-0352,2024-10-13,active,full_time,1.0,active,2026-03-02
PER-100365,EMP-0376,Honora Yarrow,honora.yarrow.emp-0376@co002.example,Marketing,Content Marketer,IC,EMP-0355,2025-10-25,active,full_time,1.0,active,2025-12-15
PER-100366,EMP-0377,Rhoswen Moorfield,rhoswen.moorfield.emp-0377@co002.example,Marketing,Demand Generation Specialist,IC,EMP-0354,2021-12-15,active,full_time,1.0,active,2026-02-24
PER-100367,EMP-0378,Reyna Juniper,reyna.juniper.emp-0378@co002.example,Marketing,Marketing Manager,IC,EMP-0352,2024-07-09,active,full_time,1.0,active,2026-02-14
PER-100368,EMP-0379,Honora Elderkin,honora.elderkin.emp-0379@co002.example,Marketing,Content Marketer,IC,EMP-0356,2022-04-20,active,full_time,1.0,active,2025-10-26
PER-100369,EMP-0380,Gideon Pemberton,gideon.pemberton.emp-0380@co002.example,Marketing,Marketing Manager,IC,EMP-0356,2024-07-15,active,full_time,1.0,active,2025-11-13
PER-100370,EMP-0381,Delphine Kirtland,delphine.kirtland.emp-0381@co002.example,Marketing,Content Marketer,IC,EMP-0351,2022-09-17,active,full_time,1.0,active,2025-12-05
PER-100371,EMP-0382,Saskia Blackwood,saskia.blackwood.emp-0382@co002.example,Marketing,Marketing Manager,IC,EMP-0353,2023-08-26,active,full_time,1.0,active,2025-11-09
PER-100372,EMP-0383,Ondine Oakhurst,ondine.oakhurst.emp-0383@co002.example,Marketing,Marketing Manager,IC,EMP-0353,2023-02-05,active,full_time,1.0,active,2026-01-13
PER-100373,EMP-0384,Ivo Blackwood,ivo.blackwood.emp-0384@co002.example,Marketing,Content Marketer,IC,EMP-0353,2024-06-04,active,full_time,1.0,active,2025-12-08
PER-100374,EMP-0385,Reyna Blackwood,reyna.blackwood.emp-0385@co002.example,Marketing,Marketing Manager,IC,EMP-0356,2026-01-28,active,full_time,1.0,active,2026-02-04
PER-100375,EMP-0386,Fenwick Fenmore,fenwick.fenmore.emp-0386@co002.example,Marketing,Demand Generation Specialist,IC,EMP-0354,2022-02-12,active,full_time,1.0,active,2026-01-09
PER-100376,EMP-0387,Merritt Dunmore,merritt.dunmore.emp-0387@co002.example,Marketing,Marketing Manager,IC,EMP-0352,2021-06-30,active,full_time,1.0,active,2026-03-18
PER-100377,EMP-0388,Corwin Whitlock,corwin.whitlock.emp-0388@co002.example,Marketing,Marketing Manager,IC,EMP-0352,2025-03-16,active,full_time,1.0,active,2025-10-31
PER-100378,EMP-0389,Hollis Ravenscroft,hollis.ravenscroft.emp-0389@co002.example,Marketing,Content Marketer,IC,EMP-0351,2022-10-30,active,full_time,1.0,active,2025-10-16
PER-100379,EMP-0390,Rhoswen Thistlewood,rhoswen.thistlewood.emp-0390@co002.example,Customer Success,"VP, Customer Success",VP,EMP-0001,2021-01-10,active,full_time,1.0,active,2026-02-03
PER-100380,EMP-0391,Honora Ingledew,honora.ingledew.emp-0391@co002.example,Customer Success,"Director, Customer Success",Director,EMP-0390,2021-02-25,active,full_time,1.0,active,2026-01-27
PER-100381,EMP-0392,Freya Greywick,freya.greywick.emp-0392@co002.example,Customer Success,"Director, Customer Success",Director,EMP-0390,2024-12-06,active,full_time,1.0,active,2025-11-27
PER-100382,EMP-0393,Guinevere Ravenscroft,guinevere.ravenscroft.emp-0393@co002.example,Customer Success,"Director, Customer Success",Director,EMP-0390,2021-12-12,active,part_time,0.6,active,2025-12-19
PER-100383,EMP-0394,Marlowe Vantree,marlowe.vantree.emp-0394@co002.example,Customer Success,"Director, Customer Success",Director,EMP-0390,2022-03-15,active,full_time,1.0,active,2025-12-17
PER-100384,EMP-0395,Verity Greywick,verity.greywick.emp-0395@co002.example,Customer Success,Customer Success Manager,Manager,EMP-0391,2024-12-12,active,full_time,1.0,active,2026-03-17
PER-100385,EMP-0396,Tobin Ingledew,tobin.ingledew.emp-0396@co002.example,Customer Success,Customer Success Manager,Manager,EMP-0391,2025-03-14,active,full_time,1.0,active,2026-03-24
PER-100386,EMP-0397,Ondine Ashby,ondine.ashby.emp-0397@co002.example,Customer Success,Customer Success Manager,Manager,EMP-0394,2026-01-22,active,full_time,1.0,active,2026-03-18
PER-100387,EMP-0398,Dashiell Millgate,dashiell.millgate.emp-0398@co002.example,Customer Success,Customer Success Manager,Manager,EMP-0393,2021-08-16,active,full_time,1.0,active,2026-03-31
PER-100388,EMP-0399,Branwen Norwich,branwen.norwich.emp-0399@co002.example,Customer Success,Customer Success Manager,Manager,EMP-0394,2022-12-08,active,full_time,1.0,active,2026-02-21
PER-100389,EMP-0400,Hollis Everhart,hollis.everhart.emp-0400@co002.example,Customer Success,Customer Success Manager,Manager,EMP-0393,2022-11-17,active,full_time,1.0,active,2025-12-22
PER-100390,EMP-0401,Corin Loxley,corin.loxley.emp-0401@co002.example,Customer Success,Customer Success Manager,Manager,EMP-0394,2024-02-22,active,full_time,1.0,active,2025-10-28
PER-100391,EMP-0402,Corin Millgate,corin.millgate.emp-0402@co002.example,Customer Success,Customer Success Manager,Manager,EMP-0391,2021-05-03,active,full_time,1.0,active,2026-02-01
PER-100392,EMP-0404,Faro Greywick,faro.greywick.emp-0404@co002.example,Customer Success,Customer Success Manager,Manager,EMP-0392,2024-05-22,active,full_time,1.0,active,2025-10-04
PER-100393,EMP-0405,Faro Nightshade,faro.nightshade.emp-0405@co002.example,Customer Success,Customer Success Manager,Manager,EMP-0392,2024-05-29,active,full_time,1.0,active,2026-01-27
PER-100394,EMP-0406,Corwin Elderkin,corwin.elderkin.emp-0406@co002.example,Customer Success,Onboarding Specialist,IC,EMP-0399,2021-09-12,active,full_time,1.0,active,2026-01-29
PER-100395,EMP-0407,Rhoswen Ingledew,rhoswen.ingledew.emp-0407@co002.example,Customer Success,Customer Success Manager,IC,EMP-0402,2022-04-16,active,full_time,1.0,active,2026-03-16
PER-100396,EMP-0408,Wystan Juniper,wystan.juniper.emp-0408@co002.example,Customer Success,Customer Success Manager,IC,EMP-0400,2024-11-03,active,full_time,1.0,active,2025-11-04
PER-100397,EMP-0409,Lior Jarrow,lior.jarrow.emp-0409@co002.example,Customer Success,Onboarding Specialist,IC,EMP-0405,2022-12-13,active,full_time,1.0,active,2025-12-04
PER-100398,EMP-0410,Quenby Loxley,quenby.loxley.emp-0410@co002.example,Customer Success,Onboarding Specialist,IC,EMP-0405,2024-01-03,active,full_time,1.0,active,2026-02-10
PER-100399,EMP-0411,Perrin Underhill,perrin.underhill.emp-0411@co002.example,Customer Success,Customer Success Manager,IC,EMP-0397,2024-02-08,active,full_time,1.0,active,2026-02-20
PER-100400,EMP-0412,Yara Ashgrove,yara.ashgrove.emp-0412@co002.example,Customer Success,Customer Success Manager,IC,EMP-0400,2026-01-12,active,full_time,1.0,active,2026-02-23
PER-100401,EMP-0413,Oleander Thistlewood,oleander.thistlewood.emp-0413@co002.example,Customer Success,Support Engineer,IC,EMP-0395,2024-06-24,active,full_time,1.0,active,2026-01-30
PER-100402,EMP-0414,Cassian Marchbanks,cassian.marchbanks.emp-0414@co002.example,Customer Success,Onboarding Specialist,IC,EMP-0403,2020-10-05,active,full_time,1.0,active,2025-12-15
PER-100403,EMP-0415,Freya Duskwood,freya.duskwood.emp-0415@co002.example,Customer Success,Support Engineer,IC,EMP-0403,2021-08-14,active,full_time,1.0,active,2026-03-22
PER-100404,EMP-0416,Branwen Ivorwood,branwen.ivorwood.emp-0416@co002.example,Customer Success,Support Engineer,IC,EMP-0405,2021-08-11,active,full_time,1.0,active,2026-03-01
PER-100405,EMP-0417,Baxter Millgate,baxter.millgate.emp-0417@co002.example,Customer Success,Customer Success Manager,IC,EMP-0399,2024-01-15,active,full_time,1.0,active,2025-12-12
PER-100406,EMP-0418,Kestrel Kirtland,kestrel.kirtland.emp-0418@co002.example,Customer Success,Support Engineer,IC,EMP-0395,2022-10-17,active,full_time,1.0,active,2026-02-11
PER-100407,EMP-0419,Sable Osgood,sable.osgood.emp-0419@co002.example,Customer Success,Customer Success Manager,IC,EMP-0398,2024-11-14,active,full_time,1.0,active,2026-01-28
PER-100408,EMP-0420,Marlowe Nightshade,marlowe.nightshade.emp-0420@co002.example,Customer Success,Onboarding Specialist,IC,EMP-0401,2025-11-13,active,full_time,1.0,active,2026-03-08
PER-100409,EMP-0421,Nessa Hallowell,nessa.hallowell.emp-0421@co002.example,Customer Success,Onboarding Specialist,IC,EMP-0398,2023-10-19,active,full_time,1.0,active,2025-12-18
PER-100410,EMP-0422,Marlowe Norwich,marlowe.norwich.emp-0422@co002.example,Customer Success,Support Engineer,IC,EMP-0400,2024-10-03,active,full_time,1.0,active,2026-01-30
PER-100411,EMP-0423,Nessa Norwich,nessa.norwich.emp-0423@co002.example,Customer Success,Support Engineer,IC,EMP-0399,2021-06-28,active,full_time,1.0,active,2026-01-19
PER-100412,EMP-0424,Aldous Greywick,aldous.greywick.emp-0424@co002.example,Customer Success,Support Engineer,IC,EMP-0400,2022-04-15,active,full_time,1.0,active,2026-01-30
PER-100413,EMP-0425,Quillon Pemberton,quillon.pemberton.emp-0425@co002.example,Customer Success,Onboarding Specialist,IC,EMP-0397,2025-04-27,active,full_time,1.0,active,2026-02-12
PER-100414,EMP-0426,Merritt Kestenbaum,merritt.kestenbaum.emp-0426@co002.example,Customer Success,Customer Success Manager,IC,EMP-0401,2021-01-23,active,full_time,1.0,active,2026-03-23
PER-100415,EMP-0427,Ivo Fenmore,ivo.fenmore.emp-0427@co002.example,Customer Success,Onboarding Specialist,IC,EMP-0403,2025-09-21,active,full_time,1.0,active,2026-01-28
PER-100416,EMP-0428,Faro Quennell,faro.quennell.emp-0428@co002.example,Customer Success,Customer Success Manager,IC,EMP-0404,2022-04-24,active,full_time,1.0,active,2026-01-03
PER-100417,EMP-0429,Halcyon Millgate,halcyon.millgate.emp-0429@co002.example,Customer Success,Customer Success Manager,IC,EMP-0403,2021-06-06,active,full_time,1.0,active,2025-11-17
PER-100418,EMP-0430,Wrenna Pennington,wrenna.pennington.emp-0430@co002.example,Customer Success,Support Engineer,IC,EMP-0400,2021-03-08,active,full_time,1.0,active,2026-02-02
PER-100419,EMP-0431,Baxter Juniper,baxter.juniper.emp-0431@co002.example,Customer Success,Customer Success Manager,IC,EMP-0401,2023-09-03,active,full_time,1.0,active,2026-03-16
PER-100420,EMP-0432,Kestrel Blackwood,kestrel.blackwood.emp-0432@co002.example,Customer Success,Customer Success Manager,IC,EMP-0398,2020-04-18,active,full_time,1.0,active,2026-02-08
PER-100421,EMP-0433,Kestrel Nightshade,kestrel.nightshade.emp-0433@co002.example,Customer Success,Customer Success Manager,IC,EMP-0404,2025-06-30,active,full_time,1.0,active,2026-02-23
PER-100422,EMP-0434,Quillon Thistlewood,quillon.thistlewood.emp-0434@co002.example,Customer Success,Onboarding Specialist,IC,EMP-0405,2020-06-11,active,full_time,1.0,active,2025-11-06
PER-100423,EMP-0435,Lior Everhart,lior.everhart.emp-0435@co002.example,Customer Success,Support Engineer,IC,EMP-0403,2023-03-14,active,full_time,1.0,active,2026-02-16
PER-100424,EMP-0436,Perrin Kirtland,perrin.kirtland.emp-0436@co002.example,Customer Success,Customer Success Manager,IC,EMP-0398,2024-11-16,active,full_time,1.0,active,2026-03-20
PER-100425,EMP-0437,Thessaly Crestfall,thessaly.crestfall.emp-0437@co002.example,Customer Success,Support Engineer,IC,EMP-0398,2020-11-29,active,full_time,1.0,active,2026-02-27
PER-100426,EMP-0438,Wrenna Juniper,wrenna.juniper.emp-0438@co002.example,Customer Success,Customer Success Manager,IC,EMP-0403,2023-09-17,active,full_time,1.0,active,2025-11-26
PER-100427,EMP-0439,Ulric Norwich,ulric.norwich.emp-0439@co002.example,Customer Success,Customer Success Manager,IC,EMP-0400,2023-03-05,active,part_time,0.6,active,2026-02-12
PER-100428,EMP-0440,Ulric Hallowell,ulric.hallowell.emp-0440@co002.example,Customer Success,Customer Success Manager,IC,EMP-0403,2022-10-07,active,full_time,1.0,active,2026-03-29
PER-100429,EMP-0441,Merritt Ingledew,merritt.ingledew.emp-0441@co002.example,Customer Success,Onboarding Specialist,IC,EMP-0404,2025-02-11,active,part_time,0.8,active,2026-01-25
PER-100430,EMP-0442,Baxter Ashgrove,baxter.ashgrove.emp-0442@co002.example,Customer Success,Support Engineer,IC,EMP-0402,2020-10-03,active,full_time,1.0,active,2026-01-08
PER-100431,EMP-0443,Sable Kirtland,sable.kirtland.emp-0443@co002.example,Customer Success,Customer Success Manager,IC,EMP-0404,2021-01-19,active,full_time,1.0,active,2026-04-03
PER-100432,EMP-0444,Isolde Duskwood,isolde.duskwood.emp-0444@co002.example,Customer Success,Support Engineer,IC,EMP-0400,2025-03-31,active,full_time,1.0,active,2025-12-02
PER-100433,EMP-0445,Freya Loxley,freya.loxley.emp-0445@co002.example,Customer Success,Onboarding Specialist,IC,EMP-0405,2020-10-07,active,full_time,1.0,active,2025-10-23
PER-100434,EMP-0446,Hollis Ashgrove,hollis.ashgrove.emp-0446@co002.example,Customer Success,Onboarding Specialist,IC,EMP-0399,2022-03-05,active,full_time,1.0,active,2025-12-10
PER-100435,EMP-0447,Dashiell Osgood,dashiell.osgood.emp-0447@co002.example,Customer Success,Support Engineer,IC,EMP-0400,2025-01-28,active,full_time,1.0,active,2026-03-21
PER-100436,EMP-0448,Junot Greywick,junot.greywick.emp-0448@co002.example,Customer Success,Onboarding Specialist,IC,EMP-0404,2021-01-17,active,full_time,1.0,active,2026-03-31
PER-100437,EMP-0449,Quenby Kirtland,quenby.kirtland.emp-0449@co002.example,Customer Success,Support Engineer,IC,EMP-0395,2024-01-11,active,full_time,1.0,active,2025-10-08
PER-100438,EMP-0450,Corin Bellcrest,corin.bellcrest.emp-0450@co002.example,Customer Success,Support Engineer,IC,EMP-0401,2022-10-18,active,full_time,1.0,active,2026-01-31
PER-100439,EMP-0451,Sable Greywick,sable.greywick.emp-0451@co002.example,Customer Success,Onboarding Specialist,IC,EMP-0399,2020-12-05,active,full_time,1.0,active,2026-02-04
PER-100440,EMP-0452,Aldous Fenmore,aldous.fenmore.emp-0452@co002.example,Customer Success,Support Engineer,IC,EMP-0402,2024-05-25,active,full_time,1.0,active,2026-03-01
PER-100441,EMP-0453,Branwen Pemberton,branwen.pemberton.emp-0453@co002.example,Customer Success,Support Engineer,IC,EMP-0400,2026-02-03,active,full_time,1.0,active,2026-02-28
PER-100442,EMP-0454,Lyric Moorfield,lyric.moorfield.emp-0454@co002.example,Customer Success,Support Engineer,IC,EMP-0397,2024-08-01,active,full_time,1.0,active,2025-10-21
PER-100443,EMP-0455,Delphine Ashby,delphine.ashby.emp-0455@co002.example,Customer Success,Customer Success Manager,IC,EMP-0395,2024-06-14,active,part_time,0.6,active,2025-11-22
PER-100444,EMP-0456,Aldous Juniper,aldous.juniper.emp-0456@co002.example,Customer Success,Onboarding Specialist,IC,EMP-0405,2022-12-24,active,full_time,1.0,active,2026-03-26
PER-100445,EMP-0457,Quenby Hallowell,quenby.hallowell.emp-0457@co002.example,Customer Success,Customer Success Manager,IC,EMP-0401,2023-10-05,active,full_time,1.0,active,2025-11-09
PER-100446,EMP-0458,Isolde Fenmore,isolde.fenmore.emp-0458@co002.example,Customer Success,Onboarding Specialist,IC,EMP-0399,2025-10-20,active,full_time,1.0,active,2025-10-23
PER-100447,EMP-0459,Wystan Underhill,wystan.underhill.emp-0459@co002.example,Customer Success,Onboarding Specialist,IC,EMP-0402,2024-03-31,active,full_time,1.0,active,2026-02-10
PER-100448,EMP-0460,Reyna Ashgrove,reyna.ashgrove.emp-0460@co002.example,Customer Success,Support Engineer,IC,EMP-0402,2021-11-30,active,full_time,1.0,active,2026-03-19
PER-100449,EMP-0461,Lior Bellcrest,lior.bellcrest.emp-0461@co002.example,Customer Success,Onboarding Specialist,IC,EMP-0402,2022-01-16,active,full_time,1.0,active,2026-02-15
PER-100450,EMP-0462,Wrenna Yarrow,wrenna.yarrow.emp-0462@co002.example,Finance,"VP, Finance",VP,EMP-0001,2019-03-27,active,part_time,0.8,active,2025-12-04
PER-100451,EMP-0463,Aldous Duskwood,aldous.duskwood.emp-0463@co002.example,Finance,"Director, Finance",Director,EMP-0462,2024-11-14,active,full_time,1.0,active,2025-10-13
PER-100452,EMP-0464,Corwin Greywick,corwin.greywick.emp-0464@co002.example,Finance,"Director, Finance",Director,EMP-0462,2022-01-24,active,full_time,1.0,active,2026-03-04
PER-100453,EMP-0465,Thessaly Ivorwood,thessaly.ivorwood.emp-0465@co002.example,Finance,Finance Manager,Manager,EMP-0464,2020-08-18,active,full_time,1.0,active,2025-11-26
PER-100454,EMP-0466,Freya Larkspur,freya.larkspur.emp-0466@co002.example,Finance,Finance Manager,Manager,EMP-0464,2024-09-08,active,part_time,0.6,active,2025-11-15
PER-100455,EMP-0467,Delphine Grayling,delphine.grayling.emp-0467@co002.example,Finance,Finance Manager,Manager,EMP-0464,2023-06-17,active,full_time,1.0,active,2026-01-10
PER-100456,EMP-0468,Tamsin Norwich,tamsin.norwich.emp-0468@co002.example,Finance,Finance Manager,Manager,EMP-0463,2024-07-03,active,full_time,1.0,active,2026-02-02
PER-100457,EMP-0469,Delphine Fenmore,delphine.fenmore.emp-0469@co002.example,Finance,Finance Manager,Manager,EMP-0464,2025-08-30,active,full_time,1.0,active,2025-12-08
PER-100458,EMP-0470,Corwin Pennington,corwin.pennington.emp-0470@co002.example,Finance,Controller,IC,EMP-0466,2022-08-22,active,full_time,1.0,active,2025-12-05
PER-100459,EMP-0471,Tamsin Juniper,tamsin.juniper.emp-0471@co002.example,Finance,Staff Accountant,IC,EMP-0465,2020-12-22,active,full_time,1.0,active,2025-11-21
PER-100460,EMP-0472,Briar Duskwood,briar.duskwood.emp-0472@co002.example,Finance,AR Clerk,IC,EMP-0466,2022-02-17,active,full_time,1.0,active,2026-02-20
PER-100461,EMP-0473,Piran Pemberton,piran.pemberton.emp-0473@co002.example,Finance,Controller,IC,EMP-0467,2021-11-07,active,full_time,1.0,active,2025-10-18
PER-100462,EMP-0474,Branwen Pennington,branwen.pennington.emp-0474@co002.example,Finance,AR Clerk,IC,EMP-0466,2025-08-25,active,full_time,1.0,active,2025-10-22
PER-100463,EMP-0475,Ondine Fairweather,ondine.fairweather.emp-0475@co002.example,Finance,AP Clerk,IC,EMP-0466,2023-06-30,active,full_time,1.0,active,2026-01-12
PER-100464,EMP-0476,Quenby Corrigan,quenby.corrigan.emp-0476@co002.example,Finance,Staff Accountant,IC,EMP-0465,2022-01-23,active,full_time,1.0,active,2025-12-12
PER-100465,EMP-0477,Nessa Thistlewood,nessa.thistlewood.emp-0477@co002.example,Finance,Staff Accountant,IC,EMP-0465,2025-10-02,active,full_time,1.0,active,2026-03-25
PER-100466,EMP-0478,Sorrel Thistlewood,sorrel.thistlewood.emp-0478@co002.example,Finance,FP&A Analyst,IC,EMP-0467,2023-12-06,active,full_time,1.0,active,2025-10-18
PER-100467,EMP-0479,Rhoswen Osgood,rhoswen.osgood.emp-0479@co002.example,Finance,AR Clerk,IC,EMP-0467,2024-10-28,active,full_time,1.0,active,2026-01-14
PER-100468,EMP-0480,Freya Norwich,freya.norwich.emp-0480@co002.example,Finance,FP&A Analyst,IC,EMP-0469,2022-02-04,active,full_time,1.0,active,2025-11-19
PER-100469,EMP-0481,Reyna Vantree,reyna.vantree.emp-0481@co002.example,Finance,Controller,IC,EMP-0465,2020-04-13,active,full_time,1.0,active,2026-03-13
PER-100470,EMP-0482,Ewald Underhill,ewald.underhill.emp-0482@co002.example,Finance,AP Clerk,IC,EMP-0467,2021-09-17,active,full_time,1.0,active,2025-12-13
PER-100471,EMP-0483,Lior Juniper,lior.juniper.emp-0483@co002.example,Finance,FP&A Analyst,IC,EMP-0468,2024-11-13,active,full_time,1.0,active,2026-01-25
PER-100472,EMP-0484,Quillon Blackwood,quillon.blackwood.emp-0484@co002.example,Finance,AR Clerk,IC,EMP-0467,2023-12-11,active,full_time,1.0,active,2025-12-03
PER-100473,EMP-0485,Cormac Blackwood,cormac.blackwood.emp-0485@co002.example,Finance,AP Clerk,IC,EMP-0466,2022-10-21,active,full_time,1.0,active,2026-01-08
PER-100474,EMP-0486,Emlyn Ravenscroft,emlyn.ravenscroft.emp-0486@co002.example,Finance,Staff Accountant,IC,EMP-0467,2021-09-22,active,full_time,1.0,active,2026-01-13
PER-100475,EMP-0487,Junot Kirtland,junot.kirtland.emp-0487@co002.example,Finance,AP Clerk,IC,EMP-0469,2025-08-20,active,full_time,1.0,active,2026-01-02
PER-100476,EMP-0488,Ulric Larkspur,ulric.larkspur.emp-0488@co002.example,Finance,FP&A Analyst,IC,EMP-0465,2025-01-28,active,part_time,0.6,active,2026-02-11
PER-100477,EMP-0489,Faro Grayling,faro.grayling.emp-0489@co002.example,Finance,FP&A Analyst,IC,EMP-0468,2025-10-12,active,full_time,1.0,active,2025-12-17
PER-100478,EMP-0490,Tamsin Jarrow,tamsin.jarrow.emp-0490@co002.example,Finance,AP Clerk,IC,EMP-0469,2022-04-06,active,full_time,1.0,active,2026-03-04
PER-100479,EMP-0491,Faro Pemberton,faro.pemberton.emp-0491@co002.example,Finance,AP Clerk,IC,EMP-0467,2025-02-24,active,part_time,0.8,active,2025-12-17
PER-100480,EMP-0492,Yara Everhart,yara.everhart.emp-0492@co002.example,Finance,AP Clerk,IC,EMP-0466,2021-12-01,active,full_time,1.0,active,2025-11-10
PER-100481,EMP-0493,Lyric Oakhurst,lyric.oakhurst.emp-0493@co002.example,Finance,Staff Accountant,IC,EMP-0466,2026-02-08,active,full_time,1.0,active,2026-04-01
PER-100482,EMP-0494,Corwin Underhill,corwin.underhill.emp-0494@co002.example,Finance,FP&A Analyst,IC,EMP-0469,2026-02-08,active,full_time,1.0,active,2026-02-24
PER-100483,EMP-0495,Ivo Ashby,ivo.ashby.emp-0495@co002.example,Finance,FP&A Analyst,IC,EMP-0469,2025-07-20,active,full_time,1.0,active,2025-12-26
PER-100484,EMP-0496,Quenby Dunmore,quenby.dunmore.emp-0496@co002.example,Finance,FP&A Analyst,IC,EMP-0466,2020-06-01,active,full_time,1.0,active,2026-01-16
PER-100485,EMP-0497,Tobin Millgate,tobin.millgate.emp-0497@co002.example,Finance,AR Clerk,IC,EMP-0467,2023-10-18,active,full_time,1.0,active,2026-02-13
PER-100486,EMP-0498,Baxter Pennington,baxter.pennington.emp-0498@co002.example,People,"VP, People",VP,EMP-0001,2022-06-20,active,full_time,1.0,active,2025-11-04
PER-100487,EMP-0499,Nessa Duskwood,nessa.duskwood.emp-0499@co002.example,People,"Director, People",Director,EMP-0498,2023-08-31,active,full_time,1.0,active,2026-01-01
PER-100488,EMP-0500,Delphine Ashgrove,delphine.ashgrove.emp-0500@co002.example,People,"Director, People",Director,EMP-0498,2025-02-19,active,full_time,1.0,active,2025-11-18
PER-100489,EMP-0501,Cormac Ashby,cormac.ashby.emp-0501@co002.example,People,People Manager,Manager,EMP-0500,2021-05-28,active,full_time,1.0,active,2025-11-22
PER-100490,EMP-0502,Isolde Elderkin,isolde.elderkin.emp-0502@co002.example,People,People Manager,Manager,EMP-0499,2020-06-02,active,full_time,1.0,active,2025-10-09
PER-100491,EMP-0503,Corwin Quennell,corwin.quennell.emp-0503@co002.example,People,People Manager,Manager,EMP-0500,2024-04-01,active,full_time,1.0,active,2026-02-11
PER-100492,EMP-0504,Perrin Ingledew,perrin.ingledew.emp-0504@co002.example,People,People Manager,Manager,EMP-0499,2024-08-11,active,full_time,1.0,active,2026-02-07
PER-100493,EMP-0506,Lyric Corrigan,lyric.corrigan.emp-0506@co002.example,People,People Operations Specialist,IC,EMP-0503,2024-09-01,active,full_time,1.0,active,2026-02-20
PER-100494,EMP-0507,Dashiell Ivorwood,dashiell.ivorwood.emp-0507@co002.example,People,HR Business Partner,IC,EMP-0501,2020-10-29,active,full_time,1.0,active,2026-01-10
PER-100495,EMP-0508,Wystan Marchbanks,wystan.marchbanks.emp-0508@co002.example,People,Recruiter,IC,EMP-0503,2025-09-30,active,full_time,1.0,active,2026-02-14
PER-100496,EMP-0509,Aldous Crestfall,aldous.crestfall.emp-0509@co002.example,People,People Operations Specialist,IC,EMP-0501,2025-09-30,active,full_time,1.0,active,2025-10-27
PER-100497,EMP-0510,Quillon Yarrow,quillon.yarrow.emp-0510@co002.example,People,People Operations Specialist,IC,EMP-0504,2020-04-30,active,full_time,1.0,active,2025-11-06
PER-100498,EMP-0511,Emlyn Loxley,emlyn.loxley.emp-0511@co002.example,People,People Operations Specialist,IC,EMP-0501,2024-11-21,active,full_time,1.0,active,2026-03-11
PER-100499,EMP-0512,Lior Fenmore,lior.fenmore.emp-0512@co002.example,People,Recruiter,IC,EMP-0504,2021-10-06,active,full_time,1.0,active,2026-02-04
PER-100500,EMP-0513,Saskia Dunmore,saskia.dunmore.emp-0513@co002.example,People,People Operations Specialist,IC,EMP-0503,2021-04-06,active,full_time,1.0,active,2025-10-02
PER-100501,EMP-0514,Sorrel Duskwood,sorrel.duskwood.emp-0514@co002.example,People,People Operations Specialist,IC,EMP-0504,2022-09-27,active,full_time,1.0,active,2025-11-21
PER-100502,EMP-0515,Lior Pemberton,lior.pemberton.emp-0515@co002.example,People,HR Business Partner,IC,EMP-0504,2024-04-14,active,full_time,1.0,active,2025-12-25
PER-100503,EMP-0516,Corin Kestenbaum,corin.kestenbaum.emp-0516@co002.example,People,People Operations Specialist,IC,EMP-0504,2024-05-11,active,full_time,1.0,active,2025-12-09
PER-100504,EMP-0517,Sable Underhill,sable.underhill.emp-0517@co002.example,People,Recruiter,IC,EMP-0503,2022-10-16,active,full_time,1.0,active,2025-11-01
PER-100505,EMP-0518,Briar Vantree,briar.vantree.emp-0518@co002.example,People,People Operations Specialist,IC,EMP-0501,2020-11-01,active,full_time,1.0,active,2025-12-17
PER-100506,EMP-0519,Guinevere Ashby,guinevere.ashby.emp-0519@co002.example,People,HR Business Partner,IC,EMP-0503,2025-01-22,active,full_time,1.0,active,2025-12-25
PER-100507,EMP-0521,Merritt Underhill,merritt.underhill.emp-0521@co002.example,People,People Operations Specialist,IC,EMP-0501,2023-08-24,active,full_time,1.0,active,2025-12-24
PER-100508,EMP-0522,Sorrel Everhart,sorrel.everhart.emp-0522@co002.example,People,People Operations Specialist,IC,EMP-0502,2021-12-23,active,full_time,1.0,active,2025-11-13
PER-100509,EMP-0523,Delphine Everhart,delphine.everhart.emp-0523@co002.example,People,Recruiter,IC,EMP-0501,2024-07-18,active,part_time,0.8,active,2025-11-25
PER-100510,EMP-0524,Marlowe Duskwood,marlowe.duskwood.emp-0524@co002.example,People,HR Business Partner,IC,EMP-0502,2022-05-13,active,full_time,1.0,active,2025-11-01
PER-100511,EMP-0525,Lyric Pennington,lyric.pennington.emp-0525@co002.example,People,HR Business Partner,IC,EMP-0504,2021-10-12,active,full_time,1.0,active,2026-03-31
PER-100512,EMP-0526,Isolde Hallowell,isolde.hallowell.emp-0526@co002.example,People,HR Business Partner,IC,EMP-0502,2022-10-27,active,full_time,1.0,active,2025-10-11
PER-100513,EMP-0527,Quenby Juniper,quenby.juniper.emp-0527@co002.example,People,HR Business Partner,IC,EMP-0503,2024-10-26,active,part_time,0.8,active,2025-10-01
PER-100514,EMP-0528,Lyric Everhart,lyric.everhart.emp-0528@co002.example,Legal,"VP, Legal",VP,EMP-0001,2022-04-06,active,full_time,1.0,active,2026-01-31
PER-100515,EMP-0529,Kestrel Quennell,kestrel.quennell.emp-0529@co002.example,Legal,"Director, Legal",Director,EMP-0528,2021-09-24,active,full_time,1.0,active,2025-11-07
PER-100516,EMP-0530,Rhoswen Blackwood,rhoswen.blackwood.emp-0530@co002.example,Legal,Legal Manager,Manager,EMP-0529,2022-09-22,active,full_time,1.0,active,2026-03-15
PER-100517,EMP-0531,Fenwick Greywick,fenwick.greywick.emp-0531@co002.example,Legal,Legal Manager,Manager,EMP-0529,2023-09-18,active,full_time,1.0,active,2025-10-17
PER-100518,EMP-0532,Aldous Holloway,aldous.holloway.emp-0532@co002.example,Legal,Contracts Manager,IC,EMP-0531,2021-10-23,active,full_time,1.0,active,2025-11-08
PER-100519,EMP-0533,Verity Juniper,verity.juniper.emp-0533@co002.example,Legal,Corporate Counsel,IC,EMP-0530,2024-12-13,active,full_time,1.0,active,2025-11-30
PER-100520,EMP-0534,Wrenna Greywick,wrenna.greywick.emp-0534@co002.example,Legal,Corporate Counsel,IC,EMP-0531,2026-01-11,active,full_time,1.0,active,2026-02-26
PER-100521,EMP-0535,Zephyrine Hallowell,zephyrine.hallowell.emp-0535@co002.example,Legal,Contracts Manager,IC,EMP-0530,2022-08-16,active,full_time,1.0,active,2025-10-22
PER-100522,EMP-0536,Corin Blackwood,corin.blackwood.emp-0536@co002.example,Legal,Corporate Counsel,IC,EMP-0531,2023-11-27,active,full_time,1.0,active,2025-10-24
PER-100523,EMP-0537,Verity Elderkin,verity.elderkin.emp-0537@co002.example,Legal,Corporate Counsel,IC,EMP-0530,2025-10-26,active,full_time,1.0,active,2025-12-26
PER-100524,EMP-0538,Sable Jarrow,sable.jarrow.emp-0538@co002.example,Legal,Corporate Counsel,IC,EMP-0531,2023-05-28,active,full_time,1.0,active,2026-02-17
PER-100525,EMP-0539,Emlyn Osgood,emlyn.osgood.emp-0539@co002.example,Legal,Corporate Counsel,IC,EMP-0530,2023-05-05,active,full_time,1.0,active,2026-01-31
PER-100526,EMP-0540,Reyna Grayling,reyna.grayling.emp-0540@co002.example,Legal,Corporate Counsel,IC,EMP-0531,2020-04-05,active,full_time,1.0,active,2026-01-26
PER-100527,EMP-0541,Ewald Yarrow,ewald.yarrow.emp-0541@co002.example,IT & Security,"VP, IT & Security",VP,EMP-0001,2020-01-31,active,full_time,1.0,active,2025-10-27
PER-100528,EMP-0542,Dashiell Holloway,dashiell.holloway.emp-0542@co002.example,IT & Security,"Director, IT & Security",Director,EMP-0541,2020-08-30,active,part_time,0.8,active,2025-10-23
PER-100529,EMP-0543,Piran Blackwood,piran.blackwood.emp-0543@co002.example,IT & Security,"Director, IT & Security",Director,EMP-0541,2022-12-12,active,full_time,1.0,active,2025-12-15
PER-100530,EMP-0545,Gideon Dunmore,gideon.dunmore.emp-0545@co002.example,IT & Security,IT & Security Manager,Manager,EMP-0542,2024-10-12,active,full_time,1.0,active,2025-12-05
PER-100531,EMP-0546,Briar Dunmore,briar.dunmore.emp-0546@co002.example,IT & Security,IT & Security Manager,Manager,EMP-0542,2024-10-19,active,part_time,0.8,active,2025-11-15
PER-100532,EMP-0547,Tobin Grayling,tobin.grayling.emp-0547@co002.example,IT & Security,IT & Security Manager,Manager,EMP-0543,2025-07-31,active,full_time,1.0,active,2025-11-30
PER-100533,EMP-0548,Guinevere Blackwood,guinevere.blackwood.emp-0548@co002.example,IT & Security,IT Administrator,IC,EMP-0544,2021-11-27,active,full_time,1.0,active,2026-03-03
PER-100534,EMP-0549,Marlowe Quennell,marlowe.quennell.emp-0549@co002.example,IT & Security,Security Engineer,IC,EMP-0544,2023-10-14,active,part_time,0.6,active,2025-12-28
PER-100535,EMP-0550,Quillon Quennell,quillon.quennell.emp-0550@co002.example,IT & Security,Security Engineer,IC,EMP-0547,2025-03-15,active,full_time,1.0,active,2025-11-26
PER-100536,EMP-0551,Freya Ivorwood,freya.ivorwood.emp-0551@co002.example,IT & Security,IT Administrator,IC,EMP-0546,2023-03-30,active,full_time,1.0,active,2025-12-20
PER-100537,EMP-0552,Honora Norwich,honora.norwich.emp-0552@co002.example,IT & Security,Security Engineer,IC,EMP-0546,2021-04-09,active,full_time,1.0,active,2026-01-12
PER-100538,EMP-0553,Ewald Whitlock,ewald.whitlock.emp-0553@co002.example,IT & Security,IT Administrator,IC,EMP-0546,2020-04-20,active,full_time,1.0,active,2025-11-08
PER-100539,EMP-0554,Reyna Crestfall,reyna.crestfall.emp-0554@co002.example,IT & Security,IT Administrator,IC,EMP-0544,2023-10-06,active,full_time,1.0,active,2025-12-26
PER-100540,EMP-0555,Ondine Ivorwood,ondine.ivorwood.emp-0555@co002.example,IT & Security,Security Engineer,IC,EMP-0544,2021-02-19,active,full_time,1.0,active,2025-12-19
PER-100541,EMP-0556,Aldous Pennington,aldous.pennington.emp-0556@co002.example,IT & Security,Security Engineer,IC,EMP-0547,2025-11-11,active,full_time,1.0,active,2026-03-15
PER-100542,EMP-0557,Emlyn Pemberton,emlyn.pemberton.emp-0557@co002.example,IT & Security,Security Engineer,IC,EMP-0544,2020-12-11,active,full_time,1.0,active,2026-01-14
PER-100543,EMP-0558,Corwin Oakhurst,corwin.oakhurst.emp-0558@co002.example,IT & Security,Security Engineer,IC,EMP-0544,2024-10-26,active,full_time,1.0,active,2025-10-28
PER-100544,EMP-0559,Briar Blackwood,briar.blackwood.emp-0559@co002.example,IT & Security,Security Engineer,IC,EMP-0547,2025-10-31,active,full_time,1.0,active,2026-02-21
PER-100545,EMP-0560,Reyna Osgood,reyna.osgood.emp-0560@co002.example,IT & Security,IT Administrator,IC,EMP-0545,2021-07-04,active,full_time,1.0,active,2026-03-18
PER-100546,EMP-0561,Odalys Everhart,odalys.everhart.emp-0561@co002.example,IT & Security,Security Engineer,IC,EMP-0547,2021-04-20,active,full_time,1.0,active,2025-10-23
PER-100547,EMP-0562,Cormac Loxley,cormac.loxley.emp-0562@co002.example,IT & Security,IT Administrator,IC,EMP-0545,2020-04-04,active,full_time,1.0,active,2025-10-31
PER-100548,EMP-0563,Sorrel Pemberton,sorrel.pemberton.emp-0563@co002.example,IT & Security,IT Administrator,IC,EMP-0545,2025-04-29,active,full_time,1.0,active,2026-03-27
PER-100549,EMP-0564,Sable Blackwood,sable.blackwood.emp-0564@co002.example,IT & Security,Security Engineer,IC,EMP-0547,2025-12-09,active,full_time,1.0,active,2026-02-01
PER-100550,EMP-0565,Delphine Quennell,delphine.quennell.emp-0565@co002.example,IT & Security,Security Engineer,IC,EMP-0546,2021-06-22,active,full_time,1.0,active,2026-01-02
PER-100551,EMP-0566,Corin Marchbanks,corin.marchbanks.emp-0566@co002.example,IT & Security,IT Administrator,IC,EMP-0547,2021-12-10,active,full_time,1.0,active,2026-03-06
PER-100552,EMP-0567,Odalys Vantree,odalys.vantree.emp-0567@co002.example,IT & Security,IT Administrator,IC,EMP-0545,2024-09-19,active,full_time,1.0,active,2026-01-09
PER-100553,EMP-0568,Zephyrine Fenmore,zephyrine.fenmore.emp-0568@co002.example,IT & Security,Security Engineer,IC,EMP-0546,2021-04-21,active,full_time,1.0,active,2025-12-01
PER-100554,EMP-0569,Merritt Jarrow,merritt.jarrow.emp-0569@co002.example,IT & Security,IT Administrator,IC,EMP-0544,2024-05-05,active,full_time,1.0,active,2026-04-02
PER-100555,EMP-0570,Ewald Pemberton,ewald.pemberton.emp-0570@co002.example,IT & Security,Security Engineer,IC,EMP-0547,2021-08-24,active,part_time,0.6,active,2026-01-17
PER-100556,EMP-0571,Oleander Underhill,oleander.underhill.emp-0571@co002.example,Operations,"VP, Operations",VP,EMP-0001,2022-06-30,active,full_time,1.0,active,2025-12-29
PER-100557,EMP-0572,Merritt Nightshade,merritt.nightshade.emp-0572@co002.example,Operations,"Director, Operations",Director,EMP-0571,2021-05-08,active,full_time,1.0,active,2026-03-15
PER-100558,EMP-0573,Isolde Greywick,isolde.greywick.emp-0573@co002.example,Operations,"Director, Operations",Director,EMP-0571,2021-10-02,active,full_time,1.0,active,2025-12-23
PER-100559,EMP-0574,Faro Fenmore,faro.fenmore.emp-0574@co002.example,Operations,Operations Manager,Manager,EMP-0572,2023-03-03,active,full_time,1.0,active,2026-02-19
PER-100560,EMP-0575,Baxter Norwich,baxter.norwich.emp-0575@co002.example,Operations,Operations Manager,Manager,EMP-0572,2023-12-13,active,full_time,1.0,active,2025-11-03
PER-100561,EMP-0576,Cormac Marchbanks,cormac.marchbanks.emp-0576@co002.example,Operations,Operations Manager,Manager,EMP-0572,2022-05-21,active,full_time,1.0,active,2026-01-17
PER-100562,EMP-0577,Quillon Loxley,quillon.loxley.emp-0577@co002.example,Operations,Operations Manager,Manager,EMP-0573,2021-03-28,active,full_time,1.0,active,2026-03-09
PER-100563,EMP-0578,Lyric Quennell,lyric.quennell.emp-0578@co002.example,Operations,Program Manager,IC,EMP-0576,2021-01-02,active,full_time,1.0,active,2025-11-29
PER-100564,EMP-0579,Wrenna Norwich,wrenna.norwich.emp-0579@co002.example,Operations,Program Manager,IC,EMP-0574,2020-03-25,active,part_time,0.6,active,2025-12-23
PER-100565,EMP-0580,Isolde Ashgrove,isolde.ashgrove.emp-0580@co002.example,Operations,Operations Analyst,IC,EMP-0575,2024-05-27,active,full_time,1.0,active,2026-02-07
PER-100566,EMP-0581,Lyric Norwich,lyric.norwich.emp-0581@co002.example,Operations,Program Manager,IC,EMP-0574,2021-09-08,active,full_time,1.0,active,2025-12-02
PER-100567,EMP-0584,Faro Whitlock,faro.whitlock.emp-0584@co002.example,Operations,Program Manager,IC,EMP-0577,2021-07-09,active,full_time,1.0,active,2026-02-16
PER-100568,EMP-0585,Halcyon Bellcrest,halcyon.bellcrest.emp-0585@co002.example,Operations,Program Manager,IC,EMP-0576,2025-07-25,active,full_time,1.0,active,2026-02-19
PER-100569,EMP-0586,Lior Ashby,lior.ashby.emp-0586@co002.example,Operations,Program Manager,IC,EMP-0574,2024-10-29,active,full_time,1.0,active,2026-03-19
PER-100570,EMP-0587,Cormac Dunmore,cormac.dunmore.emp-0587@co002.example,Operations,Operations Analyst,IC,EMP-0576,2025-07-01,active,part_time,0.6,active,2025-10-05
PER-100571,EMP-0588,Baxter Holloway,baxter.holloway.emp-0588@co002.example,Operations,Operations Analyst,IC,EMP-0577,2020-07-12,active,full_time,1.0,active,2025-10-27
PER-100572,EMP-0589,Saskia Yarrow,saskia.yarrow.emp-0589@co002.example,Operations,Operations Analyst,IC,EMP-0574,2021-03-21,active,full_time,1.0,active,2026-02-06
PER-100573,EMP-0591,Cassian Thistlewood,cassian.thistlewood.emp-0591@co002.example,Operations,Program Manager,IC,EMP-0577,2023-10-07,active,full_time,1.0,active,2026-03-29
PER-100574,EMP-0592,Ewald Holloway,ewald.holloway.emp-0592@co002.example,Operations,Program Manager,IC,EMP-0574,2025-02-08,active,full_time,1.0,active,2026-02-14
PER-100575,EMP-0593,Yara Greywick,yara.greywick.emp-0593@co002.example,Operations,Operations Analyst,IC,EMP-0576,2021-08-20,active,full_time,1.0,active,2025-12-28
PER-100576,EMP-0594,Faro Loxley,faro.loxley.emp-0594@co002.example,Operations,Operations Analyst,IC,EMP-0574,2025-01-02,active,full_time,1.0,active,2026-01-22
PER-100577,EMP-0595,Perrin Everhart,perrin.everhart.emp-0595@co002.example,Operations,Operations Analyst,IC,EMP-0575,2024-07-08,active,full_time,1.0,active,2026-01-03
PER-100578,EMP-0596,Cormac Moorfield,cormac.moorfield.emp-0596@co002.example,Operations,Operations Analyst,IC,EMP-0574,2023-07-15,active,full_time,1.0,active,2026-03-02
PER-100579,EMP-0597,Zephyrine Crestfall,zephyrine.crestfall.emp-0597@co002.example,Operations,Operations Analyst,IC,EMP-0576,2024-10-05,active,full_time,1.0,active,2025-12-17
PER-100580,EMP-0598,Isolde Crestfall,isolde.crestfall.emp-0598@co002.example,Operations,Operations Analyst,IC,EMP-0577,2020-07-06,active,full_time,1.0,active,2026-02-03
PER-100581,EMP-0599,Nessa Larkspur,nessa.larkspur.emp-0599@co002.example,Operations,Program Manager,IC,EMP-0575,2023-10-27,active,full_time,1.0,active,2025-12-23
PER-100582,EMP-0600,Halcyon Corrigan,halcyon.corrigan.emp-0600@co002.example,Operations,Operations Analyst,IC,EMP-0574,2021-09-25,active,full_time,1.0,active,2026-03-29
