metric_id,metric_name,period_end,value,unit,source_artifact,source_reference,computation_note
ar_subledger_balance,Accounts receivable subledger balance,2024-04-30,2322666.86,usd,,,"Open receivable from the subledger at the month end, the days sales outstanding input. No frozen file in the pack carries this input at this month end, so the extract itself is the source of record."
ar_subledger_balance,Accounts receivable subledger balance,2024-05-31,2344531.91,usd,,,"Open receivable from the subledger at the month end, the days sales outstanding input. No frozen file in the pack carries this input at this month end, so the extract itself is the source of record."
ar_subledger_balance,Accounts receivable subledger balance,2024-06-30,2360233.74,usd,,,"Open receivable from the subledger at the month end, the days sales outstanding input. No frozen file in the pack carries this input at this month end, so the extract itself is the source of record."
ar_subledger_balance,Accounts receivable subledger balance,2024-07-31,2347249.01,usd,,,"Open receivable from the subledger at the month end, the days sales outstanding input. No frozen file in the pack carries this input at this month end, so the extract itself is the source of record."
ar_subledger_balance,Accounts receivable subledger balance,2024-08-31,2405956.13,usd,,,"Open receivable from the subledger at the month end, the days sales outstanding input. No frozen file in the pack carries this input at this month end, so the extract itself is the source of record."
ar_subledger_balance,Accounts receivable subledger balance,2024-09-30,2493485.90,usd,,,"Open receivable from the subledger at the month end, the days sales outstanding input. No frozen file in the pack carries this input at this month end, so the extract itself is the source of record."
ar_subledger_balance,Accounts receivable subledger balance,2024-10-31,2454454.60,usd,,,"Open receivable from the subledger at the month end, the days sales outstanding input. No frozen file in the pack carries this input at this month end, so the extract itself is the source of record."
ar_subledger_balance,Accounts receivable subledger balance,2024-11-30,2623628.94,usd,,,"Open receivable from the subledger at the month end, the days sales outstanding input. No frozen file in the pack carries this input at this month end, so the extract itself is the source of record."
ar_subledger_balance,Accounts receivable subledger balance,2024-12-31,2609134.04,usd,,,"Open receivable from the subledger at the month end, the days sales outstanding input. No frozen file in the pack carries this input at this month end, so the extract itself is the source of record."
ar_subledger_balance,Accounts receivable subledger balance,2025-01-31,2591036.18,usd,,,"Open receivable from the subledger at the month end, the days sales outstanding input. No frozen file in the pack carries this input at this month end, so the extract itself is the source of record."
ar_subledger_balance,Accounts receivable subledger balance,2025-02-28,2676888.80,usd,,,"Open receivable from the subledger at the month end, the days sales outstanding input. No frozen file in the pack carries this input at this month end, so the extract itself is the source of record."
ar_subledger_balance,Accounts receivable subledger balance,2025-03-31,2789269.70,usd,,,"Open receivable from the subledger at the month end, the days sales outstanding input. No frozen file in the pack carries this input at this month end, so the extract itself is the source of record."
ar_subledger_balance,Accounts receivable subledger balance,2025-04-30,2759811.14,usd,,,"Open receivable from the subledger at the month end, the days sales outstanding input. No frozen file in the pack carries this input at this month end, so the extract itself is the source of record."
ar_subledger_balance,Accounts receivable subledger balance,2025-05-31,2825044.54,usd,,,"Open receivable from the subledger at the month end, the days sales outstanding input. No frozen file in the pack carries this input at this month end, so the extract itself is the source of record."
ar_subledger_balance,Accounts receivable subledger balance,2025-06-30,2832309.20,usd,,,"Open receivable from the subledger at the month end, the days sales outstanding input. No frozen file in the pack carries this input at this month end, so the extract itself is the source of record."
ar_subledger_balance,Accounts receivable subledger balance,2025-07-31,2888179.00,usd,,,"Open receivable from the subledger at the month end, the days sales outstanding input. No frozen file in the pack carries this input at this month end, so the extract itself is the source of record."
ar_subledger_balance,Accounts receivable subledger balance,2025-08-31,2937415.63,usd,,,"Open receivable from the subledger at the month end, the days sales outstanding input. No frozen file in the pack carries this input at this month end, so the extract itself is the source of record."
ar_subledger_balance,Accounts receivable subledger balance,2025-09-30,3015110.26,usd,,,"Open receivable from the subledger at the month end, the days sales outstanding input. No frozen file in the pack carries this input at this month end, so the extract itself is the source of record."
ar_subledger_balance,Accounts receivable subledger balance,2025-10-31,3169698.69,usd,,,"Open receivable from the subledger at the month end, the days sales outstanding input. No frozen file in the pack carries this input at this month end, so the extract itself is the source of record."
ar_subledger_balance,Accounts receivable subledger balance,2025-11-30,3288671.70,usd,,,"Open receivable from the subledger at the month end, the days sales outstanding input. No frozen file in the pack carries this input at this month end, so the extract itself is the source of record."
ar_subledger_balance,Accounts receivable subledger balance,2025-12-31,3260905.56,usd,,,"Open receivable from the subledger at the month end, the days sales outstanding input. No frozen file in the pack carries this input at this month end, so the extract itself is the source of record."
ar_subledger_balance,Accounts receivable subledger balance,2026-01-31,3345355.25,usd,,,"Open receivable from the subledger at the month end, the days sales outstanding input. No frozen file in the pack carries this input at this month end, so the extract itself is the source of record."
ar_subledger_balance,Accounts receivable subledger balance,2026-02-28,3279907.89,usd,,,"Open receivable from the subledger at the month end, the days sales outstanding input. No frozen file in the pack carries this input at this month end, so the extract itself is the source of record."
ar_subledger_balance,Accounts receivable subledger balance,2026-03-31,3438041.42,usd,FIN-04,ar-aging-summary.json subledger_total,"Days sales outstanding uses this subledger figure and not FIN-05's control account 1100, which ends the period 17446.72 lower on the subledger-only invoice FIN-04 ships. A metric called single-method has to name its input."
deferred_revenue_current,Deferred revenue - current,2024-04-30,17259743.27,usd,,,Contract liability at the month end. FIN-05 pins this input at the two ends of the March close only.
deferred_revenue_current,Deferred revenue - current,2024-05-31,17151474.70,usd,,,Contract liability at the month end. FIN-05 pins this input at the two ends of the March close only.
deferred_revenue_current,Deferred revenue - current,2024-06-30,17279185.00,usd,,,Contract liability at the month end. FIN-05 pins this input at the two ends of the March close only.
deferred_revenue_current,Deferred revenue - current,2024-07-31,17272475.95,usd,,,Contract liability at the month end. FIN-05 pins this input at the two ends of the March close only.
deferred_revenue_current,Deferred revenue - current,2024-08-31,17518573.28,usd,,,Contract liability at the month end. FIN-05 pins this input at the two ends of the March close only.
deferred_revenue_current,Deferred revenue - current,2024-09-30,17646320.00,usd,,,Contract liability at the month end. FIN-05 pins this input at the two ends of the March close only.
deferred_revenue_current,Deferred revenue - current,2024-10-31,17844029.54,usd,,,Contract liability at the month end. FIN-05 pins this input at the two ends of the March close only.
deferred_revenue_current,Deferred revenue - current,2024-11-30,18089385.56,usd,,,Contract liability at the month end. FIN-05 pins this input at the two ends of the March close only.
deferred_revenue_current,Deferred revenue - current,2024-12-31,18137678.85,usd,,,Contract liability at the month end. FIN-05 pins this input at the two ends of the March close only.
deferred_revenue_current,Deferred revenue - current,2025-01-31,18177768.62,usd,,,Contract liability at the month end. FIN-05 pins this input at the two ends of the March close only.
deferred_revenue_current,Deferred revenue - current,2025-02-28,18458884.62,usd,,,Contract liability at the month end. FIN-05 pins this input at the two ends of the March close only.
deferred_revenue_current,Deferred revenue - current,2025-03-31,18961985.98,usd,,,Contract liability at the month end. FIN-05 pins this input at the two ends of the March close only.
deferred_revenue_current,Deferred revenue - current,2025-04-30,18660546.04,usd,,,Contract liability at the month end. FIN-05 pins this input at the two ends of the March close only.
deferred_revenue_current,Deferred revenue - current,2025-05-31,19169355.24,usd,,,Contract liability at the month end. FIN-05 pins this input at the two ends of the March close only.
deferred_revenue_current,Deferred revenue - current,2025-06-30,19423423.17,usd,,,Contract liability at the month end. FIN-05 pins this input at the two ends of the March close only.
deferred_revenue_current,Deferred revenue - current,2025-07-31,19552488.87,usd,,,Contract liability at the month end. FIN-05 pins this input at the two ends of the March close only.
deferred_revenue_current,Deferred revenue - current,2025-08-31,19334453.89,usd,,,Contract liability at the month end. FIN-05 pins this input at the two ends of the March close only.
deferred_revenue_current,Deferred revenue - current,2025-09-30,19467880.32,usd,,,Contract liability at the month end. FIN-05 pins this input at the two ends of the March close only.
deferred_revenue_current,Deferred revenue - current,2025-10-31,19897505.43,usd,,,Contract liability at the month end. FIN-05 pins this input at the two ends of the March close only.
deferred_revenue_current,Deferred revenue - current,2025-11-30,19908743.58,usd,,,Contract liability at the month end. FIN-05 pins this input at the two ends of the March close only.
deferred_revenue_current,Deferred revenue - current,2025-12-31,20392758.31,usd,,,Contract liability at the month end. FIN-05 pins this input at the two ends of the March close only.
deferred_revenue_current,Deferred revenue - current,2026-01-31,20345801.81,usd,,,Contract liability at the month end. FIN-05 pins this input at the two ends of the March close only.
deferred_revenue_current,Deferred revenue - current,2026-02-28,20520176.44,usd,FIN-05,gl-trial-balance.csv account 2300 beginning_balance,"FIN-05 account 2300 beginning balance, which is the balance at the February month end."
deferred_revenue_current,Deferred revenue - current,2026-03-31,20031018.96,usd,FIN-05,gl-trial-balance.csv account 2300 ending_balance,FIN-05 account 2300 ending balance at the same date.
deferred_revenue_noncurrent,Deferred revenue - non-current,2024-04-30,1755568.39,usd,,,Contract liability at the month end. FIN-05 pins this input at the two ends of the March close only.
deferred_revenue_noncurrent,Deferred revenue - non-current,2024-05-31,1726765.62,usd,,,Contract liability at the month end. FIN-05 pins this input at the two ends of the March close only.
deferred_revenue_noncurrent,Deferred revenue - non-current,2024-06-30,1822841.58,usd,,,Contract liability at the month end. FIN-05 pins this input at the two ends of the March close only.
deferred_revenue_noncurrent,Deferred revenue - non-current,2024-07-31,1795492.87,usd,,,Contract liability at the month end. FIN-05 pins this input at the two ends of the March close only.
deferred_revenue_noncurrent,Deferred revenue - non-current,2024-08-31,1783147.76,usd,,,Contract liability at the month end. FIN-05 pins this input at the two ends of the March close only.
deferred_revenue_noncurrent,Deferred revenue - non-current,2024-09-30,1846579.24,usd,,,Contract liability at the month end. FIN-05 pins this input at the two ends of the March close only.
deferred_revenue_noncurrent,Deferred revenue - non-current,2024-10-31,1790636.52,usd,,,Contract liability at the month end. FIN-05 pins this input at the two ends of the March close only.
deferred_revenue_noncurrent,Deferred revenue - non-current,2024-11-30,1863474.99,usd,,,Contract liability at the month end. FIN-05 pins this input at the two ends of the March close only.
deferred_revenue_noncurrent,Deferred revenue - non-current,2024-12-31,1911300.93,usd,,,Contract liability at the month end. FIN-05 pins this input at the two ends of the March close only.
deferred_revenue_noncurrent,Deferred revenue - non-current,2025-01-31,1877795.61,usd,,,Contract liability at the month end. FIN-05 pins this input at the two ends of the March close only.
deferred_revenue_noncurrent,Deferred revenue - non-current,2025-02-28,1937242.78,usd,,,Contract liability at the month end. FIN-05 pins this input at the two ends of the March close only.
deferred_revenue_noncurrent,Deferred revenue - non-current,2025-03-31,1921994.87,usd,,,Contract liability at the month end. FIN-05 pins this input at the two ends of the March close only.
deferred_revenue_noncurrent,Deferred revenue - non-current,2025-04-30,1932751.25,usd,,,Contract liability at the month end. FIN-05 pins this input at the two ends of the March close only.
deferred_revenue_noncurrent,Deferred revenue - non-current,2025-05-31,1915375.11,usd,,,Contract liability at the month end. FIN-05 pins this input at the two ends of the March close only.
deferred_revenue_noncurrent,Deferred revenue - non-current,2025-06-30,1956689.46,usd,,,Contract liability at the month end. FIN-05 pins this input at the two ends of the March close only.
deferred_revenue_noncurrent,Deferred revenue - non-current,2025-07-31,1930405.91,usd,,,Contract liability at the month end. FIN-05 pins this input at the two ends of the March close only.
deferred_revenue_noncurrent,Deferred revenue - non-current,2025-08-31,2003104.46,usd,,,Contract liability at the month end. FIN-05 pins this input at the two ends of the March close only.
deferred_revenue_noncurrent,Deferred revenue - non-current,2025-09-30,1985024.90,usd,,,Contract liability at the month end. FIN-05 pins this input at the two ends of the March close only.
deferred_revenue_noncurrent,Deferred revenue - non-current,2025-10-31,1961078.15,usd,,,Contract liability at the month end. FIN-05 pins this input at the two ends of the March close only.
deferred_revenue_noncurrent,Deferred revenue - non-current,2025-11-30,1991669.37,usd,,,Contract liability at the month end. FIN-05 pins this input at the two ends of the March close only.
deferred_revenue_noncurrent,Deferred revenue - non-current,2025-12-31,2091032.61,usd,,,Contract liability at the month end. FIN-05 pins this input at the two ends of the March close only.
deferred_revenue_noncurrent,Deferred revenue - non-current,2026-01-31,2049532.33,usd,,,Contract liability at the month end. FIN-05 pins this input at the two ends of the March close only.
deferred_revenue_noncurrent,Deferred revenue - non-current,2026-02-28,2066107.44,usd,FIN-05,gl-trial-balance.csv account 2310 beginning_balance,"FIN-05 account 2310 beginning balance, which is the balance at the February month end."
deferred_revenue_noncurrent,Deferred revenue - non-current,2026-03-31,2263716.56,usd,FIN-05,gl-trial-balance.csv account 2310 ending_balance,FIN-05 account 2310 ending balance at the same date.
ar_customer_count,Customers with an open receivable,2024-04-30,9,customers,,,"Customers carrying an open receivable at the month end. No frozen file in the pack carries this input at this month end, so the extract itself is the source of record."
ar_customer_count,Customers with an open receivable,2024-05-31,10,customers,,,"Customers carrying an open receivable at the month end. No frozen file in the pack carries this input at this month end, so the extract itself is the source of record."
ar_customer_count,Customers with an open receivable,2024-06-30,10,customers,,,"Customers carrying an open receivable at the month end. No frozen file in the pack carries this input at this month end, so the extract itself is the source of record."
ar_customer_count,Customers with an open receivable,2024-07-31,10,customers,,,"Customers carrying an open receivable at the month end. No frozen file in the pack carries this input at this month end, so the extract itself is the source of record."
ar_customer_count,Customers with an open receivable,2024-08-31,10,customers,,,"Customers carrying an open receivable at the month end. No frozen file in the pack carries this input at this month end, so the extract itself is the source of record."
ar_customer_count,Customers with an open receivable,2024-09-30,11,customers,,,"Customers carrying an open receivable at the month end. No frozen file in the pack carries this input at this month end, so the extract itself is the source of record."
ar_customer_count,Customers with an open receivable,2024-10-31,12,customers,,,"Customers carrying an open receivable at the month end. No frozen file in the pack carries this input at this month end, so the extract itself is the source of record."
ar_customer_count,Customers with an open receivable,2024-11-30,11,customers,,,"Customers carrying an open receivable at the month end. No frozen file in the pack carries this input at this month end, so the extract itself is the source of record."
ar_customer_count,Customers with an open receivable,2024-12-31,12,customers,,,"Customers carrying an open receivable at the month end. No frozen file in the pack carries this input at this month end, so the extract itself is the source of record."
ar_customer_count,Customers with an open receivable,2025-01-31,12,customers,,,"Customers carrying an open receivable at the month end. No frozen file in the pack carries this input at this month end, so the extract itself is the source of record."
ar_customer_count,Customers with an open receivable,2025-02-28,12,customers,,,"Customers carrying an open receivable at the month end. No frozen file in the pack carries this input at this month end, so the extract itself is the source of record."
ar_customer_count,Customers with an open receivable,2025-03-31,13,customers,,,"Customers carrying an open receivable at the month end. No frozen file in the pack carries this input at this month end, so the extract itself is the source of record."
ar_customer_count,Customers with an open receivable,2025-04-30,13,customers,,,"Customers carrying an open receivable at the month end. No frozen file in the pack carries this input at this month end, so the extract itself is the source of record."
ar_customer_count,Customers with an open receivable,2025-05-31,14,customers,,,"Customers carrying an open receivable at the month end. No frozen file in the pack carries this input at this month end, so the extract itself is the source of record."
ar_customer_count,Customers with an open receivable,2025-06-30,14,customers,,,"Customers carrying an open receivable at the month end. No frozen file in the pack carries this input at this month end, so the extract itself is the source of record."
ar_customer_count,Customers with an open receivable,2025-07-31,15,customers,,,"Customers carrying an open receivable at the month end. No frozen file in the pack carries this input at this month end, so the extract itself is the source of record."
ar_customer_count,Customers with an open receivable,2025-08-31,15,customers,,,"Customers carrying an open receivable at the month end. No frozen file in the pack carries this input at this month end, so the extract itself is the source of record."
ar_customer_count,Customers with an open receivable,2025-09-30,16,customers,,,"Customers carrying an open receivable at the month end. No frozen file in the pack carries this input at this month end, so the extract itself is the source of record."
ar_customer_count,Customers with an open receivable,2025-10-31,16,customers,,,"Customers carrying an open receivable at the month end. No frozen file in the pack carries this input at this month end, so the extract itself is the source of record."
ar_customer_count,Customers with an open receivable,2025-11-30,17,customers,,,"Customers carrying an open receivable at the month end. No frozen file in the pack carries this input at this month end, so the extract itself is the source of record."
ar_customer_count,Customers with an open receivable,2025-12-31,17,customers,,,"Customers carrying an open receivable at the month end. No frozen file in the pack carries this input at this month end, so the extract itself is the source of record."
ar_customer_count,Customers with an open receivable,2026-01-31,17,customers,,,"Customers carrying an open receivable at the month end. No frozen file in the pack carries this input at this month end, so the extract itself is the source of record."
ar_customer_count,Customers with an open receivable,2026-02-28,19,customers,,,"Customers carrying an open receivable at the month end. No frozen file in the pack carries this input at this month end, so the extract itself is the source of record."
ar_customer_count,Customers with an open receivable,2026-03-31,19,customers,FIN-04,ar-aging-summary.json customer_count,FIN-04's distinct customer count at the same as-of date.
new_arr,New annual recurring revenue booked,2024-04-30,780000.00,usd,,,"Annual recurring revenue booked in the month. No frozen file in the pack carries this input at this month end, so the extract itself is the source of record."
new_arr,New annual recurring revenue booked,2024-05-31,830936.62,usd,,,"Annual recurring revenue booked in the month. No frozen file in the pack carries this input at this month end, so the extract itself is the source of record."
new_arr,New annual recurring revenue booked,2024-06-30,830033.12,usd,,,"Annual recurring revenue booked in the month. No frozen file in the pack carries this input at this month end, so the extract itself is the source of record."
new_arr,New annual recurring revenue booked,2024-07-31,786022.55,usd,,,"Annual recurring revenue booked in the month. No frozen file in the pack carries this input at this month end, so the extract itself is the source of record."
new_arr,New annual recurring revenue booked,2024-08-31,807091.61,usd,,,"Annual recurring revenue booked in the month. No frozen file in the pack carries this input at this month end, so the extract itself is the source of record."
new_arr,New annual recurring revenue booked,2024-09-30,821498.19,usd,,,"Annual recurring revenue booked in the month. No frozen file in the pack carries this input at this month end, so the extract itself is the source of record."
new_arr,New annual recurring revenue booked,2024-10-31,888534.23,usd,,,"Annual recurring revenue booked in the month. No frozen file in the pack carries this input at this month end, so the extract itself is the source of record."
new_arr,New annual recurring revenue booked,2024-11-30,868961.10,usd,,,"Annual recurring revenue booked in the month. No frozen file in the pack carries this input at this month end, so the extract itself is the source of record."
new_arr,New annual recurring revenue booked,2024-12-31,945656.36,usd,,,"Annual recurring revenue booked in the month. No frozen file in the pack carries this input at this month end, so the extract itself is the source of record."
new_arr,New annual recurring revenue booked,2025-01-31,955603.68,usd,,,"Annual recurring revenue booked in the month. No frozen file in the pack carries this input at this month end, so the extract itself is the source of record."
new_arr,New annual recurring revenue booked,2025-02-28,962542.80,usd,,,"Annual recurring revenue booked in the month. No frozen file in the pack carries this input at this month end, so the extract itself is the source of record."
new_arr,New annual recurring revenue booked,2025-03-31,979451.05,usd,,,"Annual recurring revenue booked in the month. No frozen file in the pack carries this input at this month end, so the extract itself is the source of record."
new_arr,New annual recurring revenue booked,2025-04-30,958818.76,usd,,,"Annual recurring revenue booked in the month. No frozen file in the pack carries this input at this month end, so the extract itself is the source of record."
new_arr,New annual recurring revenue booked,2025-05-31,1076887.17,usd,,,"Annual recurring revenue booked in the month. No frozen file in the pack carries this input at this month end, so the extract itself is the source of record."
new_arr,New annual recurring revenue booked,2025-06-30,1043043.85,usd,,,"Annual recurring revenue booked in the month. No frozen file in the pack carries this input at this month end, so the extract itself is the source of record."
new_arr,New annual recurring revenue booked,2025-07-31,1114669.01,usd,,,"Annual recurring revenue booked in the month. No frozen file in the pack carries this input at this month end, so the extract itself is the source of record."
new_arr,New annual recurring revenue booked,2025-08-31,1107288.63,usd,,,"Annual recurring revenue booked in the month. No frozen file in the pack carries this input at this month end, so the extract itself is the source of record."
new_arr,New annual recurring revenue booked,2025-09-30,1058854.73,usd,,,"Annual recurring revenue booked in the month. No frozen file in the pack carries this input at this month end, so the extract itself is the source of record."
new_arr,New annual recurring revenue booked,2025-10-31,1143628.01,usd,,,"Annual recurring revenue booked in the month. No frozen file in the pack carries this input at this month end, so the extract itself is the source of record."
new_arr,New annual recurring revenue booked,2025-11-30,1104313.70,usd,,,"Annual recurring revenue booked in the month. No frozen file in the pack carries this input at this month end, so the extract itself is the source of record."
new_arr,New annual recurring revenue booked,2025-12-31,1194307.92,usd,,,"Annual recurring revenue booked in the month. No frozen file in the pack carries this input at this month end, so the extract itself is the source of record."
new_arr,New annual recurring revenue booked,2026-01-31,1202126.47,usd,,,"Annual recurring revenue booked in the month. No frozen file in the pack carries this input at this month end, so the extract itself is the source of record."
new_arr,New annual recurring revenue booked,2026-02-28,1259731.42,usd,,,"Annual recurring revenue booked in the month. No frozen file in the pack carries this input at this month end, so the extract itself is the source of record."
new_arr,New annual recurring revenue booked,2026-03-31,1302702.23,usd,,,"Annual recurring revenue booked in the month. No frozen file in the pack carries this input at this month end, so the extract itself is the source of record."
churned_arr,Annual recurring revenue churned,2024-04-30,330000.00,usd,,,"Annual recurring revenue lost in the month, reported as a positive magnitude that subtracts from opening recurring revenue. No frozen file in the pack carries this input at this month end, so the extract itself is the source of record."
churned_arr,Annual recurring revenue churned,2024-05-31,344238.35,usd,,,"Annual recurring revenue lost in the month, reported as a positive magnitude that subtracts from opening recurring revenue. No frozen file in the pack carries this input at this month end, so the extract itself is the source of record."
churned_arr,Annual recurring revenue churned,2024-06-30,345332.26,usd,,,"Annual recurring revenue lost in the month, reported as a positive magnitude that subtracts from opening recurring revenue. No frozen file in the pack carries this input at this month end, so the extract itself is the source of record."
churned_arr,Annual recurring revenue churned,2024-07-31,345697.50,usd,,,"Annual recurring revenue lost in the month, reported as a positive magnitude that subtracts from opening recurring revenue. No frozen file in the pack carries this input at this month end, so the extract itself is the source of record."
churned_arr,Annual recurring revenue churned,2024-08-31,356710.24,usd,,,"Annual recurring revenue lost in the month, reported as a positive magnitude that subtracts from opening recurring revenue. No frozen file in the pack carries this input at this month end, so the extract itself is the source of record."
churned_arr,Annual recurring revenue churned,2024-09-30,339127.81,usd,,,"Annual recurring revenue lost in the month, reported as a positive magnitude that subtracts from opening recurring revenue. No frozen file in the pack carries this input at this month end, so the extract itself is the source of record."
churned_arr,Annual recurring revenue churned,2024-10-31,378826.56,usd,,,"Annual recurring revenue lost in the month, reported as a positive magnitude that subtracts from opening recurring revenue. No frozen file in the pack carries this input at this month end, so the extract itself is the source of record."
churned_arr,Annual recurring revenue churned,2024-11-30,338237.90,usd,,,"Annual recurring revenue lost in the month, reported as a positive magnitude that subtracts from opening recurring revenue. No frozen file in the pack carries this input at this month end, so the extract itself is the source of record."
churned_arr,Annual recurring revenue churned,2024-12-31,355992.21,usd,,,"Annual recurring revenue lost in the month, reported as a positive magnitude that subtracts from opening recurring revenue. No frozen file in the pack carries this input at this month end, so the extract itself is the source of record."
churned_arr,Annual recurring revenue churned,2025-01-31,354448.94,usd,,,"Annual recurring revenue lost in the month, reported as a positive magnitude that subtracts from opening recurring revenue. No frozen file in the pack carries this input at this month end, so the extract itself is the source of record."
churned_arr,Annual recurring revenue churned,2025-02-28,394933.37,usd,,,"Annual recurring revenue lost in the month, reported as a positive magnitude that subtracts from opening recurring revenue. No frozen file in the pack carries this input at this month end, so the extract itself is the source of record."
churned_arr,Annual recurring revenue churned,2025-03-31,364032.95,usd,,,"Annual recurring revenue lost in the month, reported as a positive magnitude that subtracts from opening recurring revenue. No frozen file in the pack carries this input at this month end, so the extract itself is the source of record."
churned_arr,Annual recurring revenue churned,2025-04-30,385918.62,usd,,,"Annual recurring revenue lost in the month, reported as a positive magnitude that subtracts from opening recurring revenue. No frozen file in the pack carries this input at this month end, so the extract itself is the source of record."
churned_arr,Annual recurring revenue churned,2025-05-31,384462.44,usd,,,"Annual recurring revenue lost in the month, reported as a positive magnitude that subtracts from opening recurring revenue. No frozen file in the pack carries this input at this month end, so the extract itself is the source of record."
churned_arr,Annual recurring revenue churned,2025-06-30,374064.95,usd,,,"Annual recurring revenue lost in the month, reported as a positive magnitude that subtracts from opening recurring revenue. No frozen file in the pack carries this input at this month end, so the extract itself is the source of record."
churned_arr,Annual recurring revenue churned,2025-07-31,378192.88,usd,,,"Annual recurring revenue lost in the month, reported as a positive magnitude that subtracts from opening recurring revenue. No frozen file in the pack carries this input at this month end, so the extract itself is the source of record."
churned_arr,Annual recurring revenue churned,2025-08-31,389282.42,usd,,,"Annual recurring revenue lost in the month, reported as a positive magnitude that subtracts from opening recurring revenue. No frozen file in the pack carries this input at this month end, so the extract itself is the source of record."
churned_arr,Annual recurring revenue churned,2025-09-30,410129.25,usd,,,"Annual recurring revenue lost in the month, reported as a positive magnitude that subtracts from opening recurring revenue. No frozen file in the pack carries this input at this month end, so the extract itself is the source of record."
churned_arr,Annual recurring revenue churned,2025-10-31,392057.32,usd,,,"Annual recurring revenue lost in the month, reported as a positive magnitude that subtracts from opening recurring revenue. No frozen file in the pack carries this input at this month end, so the extract itself is the source of record."
churned_arr,Annual recurring revenue churned,2025-11-30,405113.08,usd,,,"Annual recurring revenue lost in the month, reported as a positive magnitude that subtracts from opening recurring revenue. No frozen file in the pack carries this input at this month end, so the extract itself is the source of record."
churned_arr,Annual recurring revenue churned,2025-12-31,434702.64,usd,,,"Annual recurring revenue lost in the month, reported as a positive magnitude that subtracts from opening recurring revenue. No frozen file in the pack carries this input at this month end, so the extract itself is the source of record."
churned_arr,Annual recurring revenue churned,2026-01-31,430945.62,usd,,,"Annual recurring revenue lost in the month, reported as a positive magnitude that subtracts from opening recurring revenue. No frozen file in the pack carries this input at this month end, so the extract itself is the source of record."
churned_arr,Annual recurring revenue churned,2026-02-28,468482.47,usd,,,"Annual recurring revenue lost in the month, reported as a positive magnitude that subtracts from opening recurring revenue. No frozen file in the pack carries this input at this month end, so the extract itself is the source of record."
churned_arr,Annual recurring revenue churned,2026-03-31,459731.80,usd,,,"Annual recurring revenue lost in the month, reported as a positive magnitude that subtracts from opening recurring revenue. No frozen file in the pack carries this input at this month end, so the extract itself is the source of record."
headcount,Active headcount,2024-04-30,413,employees,CORE-04,people-roster.csv employment_status and start_date,"Active CORE-04 roster rows with a start date on or before the period end. CORE-04 carries no termination date, so the departed rows are excluded at every date and the series cannot fall; a consumer that wants attrition has to say the pack does not carry it."
headcount,Active headcount,2024-05-31,421,employees,CORE-04,people-roster.csv employment_status and start_date,"Active CORE-04 roster rows with a start date on or before the period end. CORE-04 carries no termination date, so the departed rows are excluded at every date and the series cannot fall; a consumer that wants attrition has to say the pack does not carry it."
headcount,Active headcount,2024-06-30,427,employees,CORE-04,people-roster.csv employment_status and start_date,"Active CORE-04 roster rows with a start date on or before the period end. CORE-04 carries no termination date, so the departed rows are excluded at every date and the series cannot fall; a consumer that wants attrition has to say the pack does not carry it."
headcount,Active headcount,2024-07-31,436,employees,CORE-04,people-roster.csv employment_status and start_date,"Active CORE-04 roster rows with a start date on or before the period end. CORE-04 carries no termination date, so the departed rows are excluded at every date and the series cannot fall; a consumer that wants attrition has to say the pack does not carry it."
headcount,Active headcount,2024-08-31,442,employees,CORE-04,people-roster.csv employment_status and start_date,"Active CORE-04 roster rows with a start date on or before the period end. CORE-04 carries no termination date, so the departed rows are excluded at every date and the series cannot fall; a consumer that wants attrition has to say the pack does not carry it."
headcount,Active headcount,2024-09-30,451,employees,CORE-04,people-roster.csv employment_status and start_date,"Active CORE-04 roster rows with a start date on or before the period end. CORE-04 carries no termination date, so the departed rows are excluded at every date and the series cannot fall; a consumer that wants attrition has to say the pack does not carry it."
headcount,Active headcount,2024-10-31,461,employees,CORE-04,people-roster.csv employment_status and start_date,"Active CORE-04 roster rows with a start date on or before the period end. CORE-04 carries no termination date, so the departed rows are excluded at every date and the series cannot fall; a consumer that wants attrition has to say the pack does not carry it."
headcount,Active headcount,2024-11-30,472,employees,CORE-04,people-roster.csv employment_status and start_date,"Active CORE-04 roster rows with a start date on or before the period end. CORE-04 carries no termination date, so the departed rows are excluded at every date and the series cannot fall; a consumer that wants attrition has to say the pack does not carry it."
headcount,Active headcount,2024-12-31,481,employees,CORE-04,people-roster.csv employment_status and start_date,"Active CORE-04 roster rows with a start date on or before the period end. CORE-04 carries no termination date, so the departed rows are excluded at every date and the series cannot fall; a consumer that wants attrition has to say the pack does not carry it."
headcount,Active headcount,2025-01-31,489,employees,CORE-04,people-roster.csv employment_status and start_date,"Active CORE-04 roster rows with a start date on or before the period end. CORE-04 carries no termination date, so the departed rows are excluded at every date and the series cannot fall; a consumer that wants attrition has to say the pack does not carry it."
headcount,Active headcount,2025-02-28,496,employees,CORE-04,people-roster.csv employment_status and start_date,"Active CORE-04 roster rows with a start date on or before the period end. CORE-04 carries no termination date, so the departed rows are excluded at every date and the series cannot fall; a consumer that wants attrition has to say the pack does not carry it."
headcount,Active headcount,2025-03-31,507,employees,CORE-04,people-roster.csv employment_status and start_date,"Active CORE-04 roster rows with a start date on or before the period end. CORE-04 carries no termination date, so the departed rows are excluded at every date and the series cannot fall; a consumer that wants attrition has to say the pack does not carry it."
headcount,Active headcount,2025-04-30,515,employees,CORE-04,people-roster.csv employment_status and start_date,"Active CORE-04 roster rows with a start date on or before the period end. CORE-04 carries no termination date, so the departed rows are excluded at every date and the series cannot fall; a consumer that wants attrition has to say the pack does not carry it."
headcount,Active headcount,2025-05-31,518,employees,CORE-04,people-roster.csv employment_status and start_date,"Active CORE-04 roster rows with a start date on or before the period end. CORE-04 carries no termination date, so the departed rows are excluded at every date and the series cannot fall; a consumer that wants attrition has to say the pack does not carry it."
headcount,Active headcount,2025-06-30,523,employees,CORE-04,people-roster.csv employment_status and start_date,"Active CORE-04 roster rows with a start date on or before the period end. CORE-04 carries no termination date, so the departed rows are excluded at every date and the series cannot fall; a consumer that wants attrition has to say the pack does not carry it."
headcount,Active headcount,2025-07-31,530,employees,CORE-04,people-roster.csv employment_status and start_date,"Active CORE-04 roster rows with a start date on or before the period end. CORE-04 carries no termination date, so the departed rows are excluded at every date and the series cannot fall; a consumer that wants attrition has to say the pack does not carry it."
headcount,Active headcount,2025-08-31,537,employees,CORE-04,people-roster.csv employment_status and start_date,"Active CORE-04 roster rows with a start date on or before the period end. CORE-04 carries no termination date, so the departed rows are excluded at every date and the series cannot fall; a consumer that wants attrition has to say the pack does not carry it."
headcount,Active headcount,2025-09-30,547,employees,CORE-04,people-roster.csv employment_status and start_date,"Active CORE-04 roster rows with a start date on or before the period end. CORE-04 carries no termination date, so the departed rows are excluded at every date and the series cannot fall; a consumer that wants attrition has to say the pack does not carry it."
headcount,Active headcount,2025-10-31,559,employees,CORE-04,people-roster.csv employment_status and start_date,"Active CORE-04 roster rows with a start date on or before the period end. CORE-04 carries no termination date, so the departed rows are excluded at every date and the series cannot fall; a consumer that wants attrition has to say the pack does not carry it."
headcount,Active headcount,2025-11-30,567,employees,CORE-04,people-roster.csv employment_status and start_date,"Active CORE-04 roster rows with a start date on or before the period end. CORE-04 carries no termination date, so the departed rows are excluded at every date and the series cannot fall; a consumer that wants attrition has to say the pack does not carry it."
headcount,Active headcount,2025-12-31,570,employees,CORE-04,people-roster.csv employment_status and start_date,"Active CORE-04 roster rows with a start date on or before the period end. CORE-04 carries no termination date, so the departed rows are excluded at every date and the series cannot fall; a consumer that wants attrition has to say the pack does not carry it."
headcount,Active headcount,2026-01-31,578,employees,CORE-04,people-roster.csv employment_status and start_date,"Active CORE-04 roster rows with a start date on or before the period end. CORE-04 carries no termination date, so the departed rows are excluded at every date and the series cannot fall; a consumer that wants attrition has to say the pack does not carry it."
headcount,Active headcount,2026-02-28,582,employees,CORE-04,people-roster.csv employment_status and start_date,"Active CORE-04 roster rows with a start date on or before the period end. CORE-04 carries no termination date, so the departed rows are excluded at every date and the series cannot fall; a consumer that wants attrition has to say the pack does not carry it."
headcount,Active headcount,2026-03-31,582,employees,CORE-04,people-roster.csv employment_status and start_date,"Active CORE-04 roster rows with a start date on or before the period end. CORE-04 carries no termination date, so the departed rows are excluded at every date and the series cannot fall; a consumer that wants attrition has to say the pack does not carry it."
