txn_id,posted_date,value_date,description,counterparty,reference,type,amount,running_balance,channel
BNK-202603-0001,2026-03-02,2026-03-03,ACH CREDIT SILVERDALE ANALYTICS INV-2026-0411,Silverdale Analytics,INV-2026-0411,credit,26673.34,3509588.56,ach
BNK-202603-0002,2026-03-02,2026-03-03,ACH CREDIT FOXGLOVE PARTNERS INV-2026-0446,Foxglove Partners,INV-2026-0446,credit,11189.26,3520777.82,ach
BNK-202603-0003,2026-03-02,2026-03-02,TRANSFER FROM MONEY MARKET XXXX-4433,Atticus Dundee Inc.,MMKT-2026-03-02,credit,250000.00,3770777.82,transfer
BNK-202603-0004,2026-03-02,2026-03-02,ACH DEBIT THACKENRIDGE COURIER AP-2026-0353,Thackenridge Courier,AP-2026-0353,debit,2411.64,3768366.18,ach
BNK-202603-0005,2026-03-02,2026-03-02,ACH DEBIT DATAPULSE ANALYTICS AP-2026-0370,DataPulse Analytics,AP-2026-0370,debit,4904.90,3763461.28,ach
BNK-202603-0006,2026-03-02,2026-03-02,WIRE OUT BIRCHCROFT PROPERTIES RENT-2026-03,Birchcroft Properties,RENT-2026-03,debit,185000.00,3578461.28,wire
BNK-202603-0007,2026-03-02,2026-03-02,WIRE OUT TALENTFORCE HR PLATFORM AP-2026-0385,TalentForce HR Platform,AP-2026-0385,debit,34736.72,3543724.56,wire
BNK-202603-0008,2026-03-03,2026-03-04,ACH CREDIT CINDERBROOK LLC INV-2026-0455,Cinderbrook LLC,INV-2026-0455,credit,24426.53,3568151.09,ach
BNK-202603-0009,2026-03-03,2026-03-04,ACH CREDIT NORTHFIELD GROUP INV-2026-0459,Northfield Group,INV-2026-0459,credit,7316.77,3575467.86,ach
BNK-202603-0010,2026-03-03,2026-03-04,ACH CREDIT CINDERBROOK LLC INV-2026-0466,Cinderbrook LLC,INV-2026-0466,credit,13646.09,3589113.95,ach
BNK-202603-0011,2026-03-03,2026-03-03,WIRE IN HAZELMERE ANALYTICS INV-2026-0484,Hazelmere Analytics,INV-2026-0484,credit,199693.98,3788807.93,wire
BNK-202603-0012,2026-03-03,2026-03-03,CARD SETTLEMENT MERCHANT SERVICES SETTLE-20260303,Anchor Point Bank,SETTLE-20260303,credit,7823.48,3796631.41,card
BNK-202603-0013,2026-03-03,2026-03-03,ACH DEBIT DATAPULSE ANALYTICS AP-2026-0334,DataPulse Analytics,AP-2026-0334,debit,26444.16,3770187.25,ach
BNK-202603-0014,2026-03-03,2026-03-03,ACH DEBIT MILLGATE INSURANCE SERVICES AP-2026-0344,Millgate Insurance Services,AP-2026-0344,debit,8173.58,3762013.67,ach
BNK-202603-0015,2026-03-03,2026-03-03,ACH DEBIT WRENFALLOW SECURITY SYSTEMS AP-2026-0364,Wrenfallow Security Systems,AP-2026-0364,debit,21996.96,3740016.71,ach
BNK-202603-0016,2026-03-04,2026-03-05,ACH CREDIT HOLLOWAY VALE PARTNERS INV-2026-0449,Holloway Vale Partners,INV-2026-0449,credit,47723.91,3787740.62,ach
BNK-202603-0017,2026-03-04,2026-03-04,ACH DEBIT SARROWMERE PRINT WORKS AP-2026-0378,Sarrowmere Print Works,AP-2026-0378,debit,6893.13,3780847.49,ach
BNK-202603-0018,2026-03-04,2026-03-04,CHECK 10422,Halvermoor Cloud Services,10422,debit,2520.15,3778327.34,check
BNK-202603-0019,2026-03-05,2026-03-06,ACH CREDIT AMBERFIELD LOGISTICS INV-2026-0401,Amberfield Logistics,INV-2026-0401,credit,36478.01,3814805.35,ach
BNK-202603-0020,2026-03-05,2026-03-06,ACH CREDIT SAGEBROOK LLC INV-2026-0404,Sagebrook LLC,INV-2026-0404,credit,5516.58,3820321.93,ach
BNK-202603-0021,2026-03-05,2026-03-06,ACH CREDIT KETTLEBROOK PARTNERS INV-2026-0416,Kettlebrook Partners,INV-2026-0416,credit,8664.47,3828986.40,ach
BNK-202603-0022,2026-03-05,2026-03-06,ACH CREDIT CINDERBROOK LLC INV-2026-0432,Cinderbrook LLC,INV-2026-0432,credit,20025.58,3849011.98,ach
BNK-202603-0023,2026-03-05,2026-03-06,ACH CREDIT COPPERFEN PARTNERS INV-2026-0458,Copperfen Partners,INV-2026-0458,credit,32443.96,3881455.94,ach
BNK-202603-0024,2026-03-05,2026-03-05,WIRE IN GLADEWICK LLC INV-2026-0471,Gladewick LLC,INV-2026-0471,credit,109323.98,3990779.92,wire
BNK-202603-0025,2026-03-05,2026-03-05,CARD SETTLEMENT MERCHANT SERVICES SETTLE-20260305,Anchor Point Bank,SETTLE-20260305,credit,6739.75,3997519.67,card
BNK-202603-0026,2026-03-05,2026-03-05,ACH DEBIT BRAXMOOR RECRUITING GROUP AP-2026-0342,Braxmoor Recruiting Group,AP-2026-0342,debit,4143.03,3993376.64,ach
BNK-202603-0027,2026-03-05,2026-03-05,ACH DEBIT TALENTFORCE HR PLATFORM AP-2026-0380,TalentForce HR Platform,AP-2026-0380,debit,24295.91,3969080.73,ach
BNK-202603-0028,2026-03-05,2026-03-05,ACH DEBIT TALENTFORCE HR PLATFORM BEN-2026-03,TalentForce HR Platform,BEN-2026-03,debit,217927.27,3751153.46,ach
BNK-202603-0029,2026-03-05,2026-03-05,CHECK 10425,Birchcroft Properties,10425,debit,4731.44,3746422.02,check
BNK-202603-0030,2026-03-06,2026-03-09,ACH CREDIT CINDERBROOK LLC INV-2026-0402,Cinderbrook LLC,INV-2026-0402,credit,14544.91,3760966.93,ach
BNK-202603-0031,2026-03-06,2026-03-09,ACH CREDIT THORNWICK PARTNERS INV-2026-0464,Thornwick Partners,INV-2026-0464,credit,18840.87,3779807.80,ach
BNK-202603-0032,2026-03-06,2026-03-06,CARD SETTLEMENT MERCHANT SERVICES SETTLE-20260306,Anchor Point Bank,SETTLE-20260306,credit,2152.12,3781959.92,card
BNK-202603-0033,2026-03-06,2026-03-06,ACH DEBIT DATAPULSE ANALYTICS AP-2026-0361,DataPulse Analytics,AP-2026-0361,debit,13425.01,3768534.91,ach
BNK-202603-0034,2026-03-06,2026-03-06,CORPORATE CARD SETTLEMENT CARD-20260306,Anchor Point Bank,CARD-20260306,debit,16809.31,3751725.60,card
BNK-202603-0035,2026-03-06,2026-03-06,CHECK 10421,Cedarline Office Supply,10421,debit,5083.15,3746642.45,check
BNK-202603-0036,2026-03-06,2026-03-09,ACH CREDIT CINDERBROOK LLC INV-2026-0432,Cinderbrook LLC,INV-2026-0432,credit,20025.58,3766668.03,ach
BNK-202603-0037,2026-03-09,2026-03-10,ACH CREDIT NORTHFIELD GROUP INV-2026-0425,Northfield Group,INV-2026-0425,credit,6101.38,3772769.41,ach
BNK-202603-0038,2026-03-09,2026-03-10,ACH CREDIT HAZELMERE ANALYTICS INV-2026-0445,Hazelmere Analytics,INV-2026-0445,credit,16477.89,3789247.30,ach
BNK-202603-0039,2026-03-09,2026-03-09,WIRE IN HOLLOWAY VALE PARTNERS INV-2026-0476,Holloway Vale Partners,INV-2026-0476,credit,191770.73,3981018.03,wire
BNK-202603-0040,2026-03-09,2026-03-09,CARD SETTLEMENT MERCHANT SERVICES SETTLE-20260309,Anchor Point Bank,SETTLE-20260309,credit,5538.56,3986556.59,card
BNK-202603-0041,2026-03-09,2026-03-09,CHECK 10424,TalentForce HR Platform,10424,debit,12043.43,3974513.16,check
BNK-202603-0042,2026-03-09,2026-03-09,CHECK 10428,Wrenfallow Security Systems,10428,debit,8560.97,3965952.19,check
BNK-202603-0043,2026-03-09,2026-03-09,CHECK 10429,Fenwhistle Travel Desk,10429,debit,12224.06,3953728.13,check
BNK-202603-0044,2026-03-10,2026-03-11,ACH CREDIT FOXGLOVE PARTNERS INV-2026-0408,Foxglove Partners,INV-2026-0408,credit,32200.40,3985928.53,ach
BNK-202603-0045,2026-03-10,2026-03-11,ACH CREDIT SILVERDALE ANALYTICS INV-2026-0433,Silverdale Analytics,INV-2026-0433,credit,1578.29,3987506.82,ach
BNK-202603-0046,2026-03-10,2026-03-10,ACH DEBIT SARROWMERE PRINT WORKS AP-2026-0336,Sarrowmere Print Works,AP-2026-0336,debit,10499.12,3977007.70,ach
BNK-202603-0047,2026-03-10,2026-03-10,ACH DEBIT HALVERMOOR CLOUD SERVICES AP-2026-0375,Halvermoor Cloud Services,AP-2026-0375,debit,3096.54,3973911.16,ach
BNK-202603-0048,2026-03-10,2026-03-10,ACH DEBIT HALVERMOOR CLOUD SERVICES AP-2026-0377,Halvermoor Cloud Services,AP-2026-0377,debit,12814.57,3961096.59,ach
BNK-202603-0049,2026-03-10,2026-03-10,CHECK 10423,Wrenfallow Security Systems,10423,debit,5444.26,3955652.33,check
BNK-202603-0050,2026-03-10,2026-03-10,CHECK 10426,TalentForce HR Platform,10426,debit,2884.08,3952768.25,check
BNK-202603-0051,2026-03-11,2026-03-12,ACH CREDIT WINDROW HOLDINGS INV-2026-0417,Windrow Holdings,INV-2026-0417,credit,13060.47,3965828.72,ach
BNK-202603-0052,2026-03-11,2026-03-12,ACH CREDIT AMBERFIELD LOGISTICS INV-2026-0419,Amberfield Logistics,INV-2026-0419,credit,39057.83,4004886.55,ach
BNK-202603-0053,2026-03-11,2026-03-12,ACH CREDIT SILVERDALE ANALYTICS INV-2026-0439,Silverdale Analytics,INV-2026-0439,credit,12567.95,4017454.50,ach
BNK-202603-0054,2026-03-11,2026-03-11,WIRE IN ELMSTEAD HOLDINGS INV-2026-0488,Elmstead Holdings,INV-2026-0488,credit,100586.19,4118040.69,wire
BNK-202603-0055,2026-03-11,2026-03-11,CARD SETTLEMENT MERCHANT SERVICES SETTLE-20260311,Anchor Point Bank,SETTLE-20260311,credit,2231.86,4120272.55,card
BNK-202603-0056,2026-03-11,2026-03-11,ACH DEBIT HARROWFEN FACILITIES GROUP AP-2026-0356,Harrowfen Facilities Group,AP-2026-0356,debit,11849.30,4108423.25,ach
BNK-202603-0057,2026-03-11,2026-03-11,ACH DEBIT FALLOWMERE CATERING AP-2026-0357,Fallowmere Catering,AP-2026-0357,debit,14321.62,4094101.63,ach
BNK-202603-0058,2026-03-11,2026-03-11,ACH DEBIT LOAMFIELD POWER COOPERATIVE AP-2026-0365,Loamfield Power Cooperative,AP-2026-0365,debit,3419.47,4090682.16,ach
BNK-202603-0059,2026-03-11,2026-03-11,ACH DEBIT BIRCHCROFT PROPERTIES AP-2026-0372,Birchcroft Properties,AP-2026-0372,debit,34012.30,4056669.86,ach
BNK-202603-0060,2026-03-11,2026-03-11,WIRE OUT WRENFALLOW SECURITY SYSTEMS AP-2026-0382,Wrenfallow Security Systems,AP-2026-0382,debit,57711.45,3998958.41,wire
BNK-202603-0061,2026-03-11,2026-03-11,CHECK 10427,Fallowmere Catering,10427,debit,3593.29,3995365.12,check
BNK-202603-0062,2026-03-11,2026-03-11,OUTGOING WIRE FEE,Anchor Point Bank,WIREFEE-20260311,debit,35.00,3995330.12,fee
BNK-202603-0063,2026-03-12,2026-03-13,ACH CREDIT AMBERLINE HOLDINGS INV-2026-0424,Amberline Holdings,INV-2026-0424,credit,20678.01,4016008.13,ach
BNK-202603-0064,2026-03-12,2026-03-13,ACH CREDIT GLADEWICK LLC INV-2026-0431,Gladewick LLC,INV-2026-0431,credit,27362.67,4043370.80,ach
BNK-202603-0065,2026-03-12,2026-03-12,WIRE IN WRENHAVEN GROUP INV-2026-0474,Wrenhaven Group,INV-2026-0474,credit,125015.05,4168385.85,wire
BNK-202603-0066,2026-03-12,2026-03-12,WIRE IN HAZELMERE ANALYTICS INV-2026-0475,Hazelmere Analytics,INV-2026-0475,credit,190716.24,4359102.09,wire
BNK-202603-0067,2026-03-12,2026-03-12,WIRE IN WINDROW HOLDINGS INV-2026-0479,Windrow Holdings,INV-2026-0479,credit,146665.15,4505767.24,wire
BNK-202603-0068,2026-03-12,2026-03-12,CARD SETTLEMENT MERCHANT SERVICES SETTLE-20260312,Anchor Point Bank,SETTLE-20260312,credit,2556.90,4508324.14,card
BNK-202603-0069,2026-03-12,2026-03-12,ACH DEBIT SARROWMERE PRINT WORKS AP-2026-0333,Sarrowmere Print Works,AP-2026-0333,debit,30597.04,4477727.10,ach
BNK-202603-0070,2026-03-12,2026-03-12,ACH DEBIT BRAXMOOR RECRUITING GROUP AP-2026-0374,Braxmoor Recruiting Group,AP-2026-0374,debit,25036.80,4452690.30,ach
BNK-202603-0071,2026-03-12,2026-03-12,CHECK 10433,Birchcroft Properties,10433,debit,5732.56,4446957.74,check
BNK-202603-0072,2026-03-12,2026-03-12,CHECK 10434,Cedarline Office Supply,10434,debit,564.33,4446393.41,check
BNK-202603-0073,2026-03-13,2026-03-16,ACH CREDIT NORTHFIELD GROUP INV-2026-0461,Northfield Group,INV-2026-0461,credit,47475.34,4493868.75,ach
BNK-202603-0074,2026-03-13,2026-03-13,WIRE IN THORNWICK PARTNERS INV-2026-0481,Thornwick Partners,INV-2026-0481,credit,91964.81,4585833.56,wire
BNK-202603-0075,2026-03-13,2026-03-13,WIRE IN COPPERFEN PARTNERS INV-2026-0483,Copperfen Partners,INV-2026-0483,credit,96394.24,4682227.80,wire
BNK-202603-0076,2026-03-13,2026-03-13,CARD SETTLEMENT MERCHANT SERVICES SETTLE-20260313,Anchor Point Bank,SETTLE-20260313,credit,5599.11,4687826.91,card
BNK-202603-0077,2026-03-13,2026-03-13,ACH DEBIT KESTRELMOOR STAFFING PARTNERS AP-2026-0343,Kestrelmoor Staffing Partners,AP-2026-0343,debit,3656.02,4684170.89,ach
BNK-202603-0078,2026-03-13,2026-03-13,WIRE OUT FENWHISTLE TRAVEL DESK AP-2026-0381,Fenwhistle Travel Desk,AP-2026-0381,debit,56637.56,4627533.33,wire
BNK-202603-0079,2026-03-13,2026-03-13,TRANSFER TO PAYROLL ACCT XXXX-4425,Atticus Dundee Inc.,PAYROLL-20260313,debit,1631595.12,2995938.21,transfer
BNK-202603-0080,2026-03-13,2026-03-13,CORPORATE CARD SETTLEMENT CARD-20260313,Anchor Point Bank,CARD-20260313,debit,17738.84,2978199.37,card
BNK-202603-0081,2026-03-13,2026-03-13,CHECK 10430,DataPulse Analytics,10430,debit,11520.72,2966678.65,check
BNK-202603-0082,2026-03-13,2026-03-13,CHECK 10431,Harrowfen Facilities Group,10431,debit,305.51,2966373.14,check
BNK-202603-0083,2026-03-13,2026-03-13,CHECK 10432,Loamfield Power Cooperative,10432,debit,624.77,2965748.37,check
BNK-202603-0084,2026-03-16,2026-03-17,ACH CREDIT HAZELMERE ANALYTICS INV-2026-0405,Hazelmere Analytics,INV-2026-0405,credit,7732.71,2973481.08,ach
BNK-202603-0085,2026-03-16,2026-03-17,ACH CREDIT SAGEBROOK LLC INV-2026-0415,Sagebrook LLC,INV-2026-0415,credit,31092.26,3004573.34,ach
BNK-202603-0086,2026-03-16,2026-03-17,ACH CREDIT CINDERBROOK LLC INV-2026-0422,Cinderbrook LLC,INV-2026-0422,credit,30450.38,3035023.72,ach
BNK-202603-0087,2026-03-16,2026-03-17,ACH CREDIT WINDROW HOLDINGS INV-2026-0436,Windrow Holdings,INV-2026-0436,credit,17561.07,3052584.79,ach
BNK-202603-0088,2026-03-16,2026-03-17,ACH CREDIT SILVERDALE ANALYTICS INV-2026-0443,Silverdale Analytics,INV-2026-0443,credit,17500.59,3070085.38,ach
BNK-202603-0089,2026-03-16,2026-03-16,WIRE IN SILVERDALE ANALYTICS INV-2026-0487,Silverdale Analytics,INV-2026-0487,credit,223760.83,3293846.21,wire
BNK-202603-0090,2026-03-16,2026-03-16,CARD SETTLEMENT MERCHANT SERVICES SETTLE-20260316,Anchor Point Bank,SETTLE-20260316,credit,4503.33,3298349.54,card
BNK-202603-0091,2026-03-16,2026-03-16,ACH DEBIT FENWHISTLE TRAVEL DESK AP-2026-0339,Fenwhistle Travel Desk,AP-2026-0339,debit,24330.57,3274018.97,ach
BNK-202603-0092,2026-03-16,2026-03-16,ACH DEBIT LOAMFIELD POWER COOPERATIVE AP-2026-0345,Loamfield Power Cooperative,AP-2026-0345,debit,15794.93,3258224.04,ach
BNK-202603-0093,2026-03-16,2026-03-16,ACH DEBIT KESTRELMOOR STAFFING PARTNERS AP-2026-0352,Kestrelmoor Staffing Partners,AP-2026-0352,debit,20748.20,3237475.84,ach
BNK-202603-0094,2026-03-16,2026-03-16,CHECK 10435,Loamfield Power Cooperative,10435,debit,6867.43,3230608.41,check
BNK-202603-0095,2026-03-16,2026-03-16,CHECK 10436,Millgate Insurance Services,10436,debit,7974.01,3222634.40,check
BNK-202603-0096,2026-03-17,2026-03-18,ACH CREDIT NORTHFIELD GROUP INV-2026-0406,Northfield Group,INV-2026-0406,credit,2200.54,3224834.94,ach
BNK-202603-0097,2026-03-17,2026-03-18,ACH CREDIT HOLLOWAY VALE PARTNERS INV-2026-0430,Holloway Vale Partners,INV-2026-0430,credit,8912.27,3233747.21,ach
BNK-202603-0098,2026-03-17,2026-03-18,ACH CREDIT SILVERDALE ANALYTICS INV-2026-0434,Silverdale Analytics,INV-2026-0434,credit,15315.32,3249062.53,ach
BNK-202603-0099,2026-03-17,2026-03-18,ACH CREDIT AMBERFIELD LOGISTICS INV-2026-0453,Amberfield Logistics,INV-2026-0453,credit,20453.41,3269515.94,ach
BNK-202603-0100,2026-03-17,2026-03-18,ACH CREDIT BRAMBLECOURT LLC INV-2026-0460,Bramblecourt LLC,INV-2026-0460,credit,33772.75,3303288.69,ach
BNK-202603-0101,2026-03-17,2026-03-18,ACH CREDIT HAZELMERE ANALYTICS INV-2026-0463,Hazelmere Analytics,INV-2026-0463,credit,9886.68,3313175.37,ach
BNK-202603-0102,2026-03-17,2026-03-17,WIRE IN SAGEBROOK LLC INV-2026-0482,Sagebrook LLC,INV-2026-0482,credit,91692.36,3404867.73,wire
BNK-202603-0103,2026-03-17,2026-03-17,ACH DEBIT DATAPULSE ANALYTICS AP-2026-0368,DataPulse Analytics,AP-2026-0368,debit,33426.53,3371441.20,ach
BNK-202603-0104,2026-03-17,2026-03-17,ACH DEBIT KESTRELMOOR STAFFING PARTNERS AP-2026-0369,Kestrelmoor Staffing Partners,AP-2026-0369,debit,22549.71,3348891.49,ach
BNK-202603-0105,2026-03-17,2026-03-17,ACH DEBIT HARROWFEN FACILITIES GROUP AP-2026-0373,Harrowfen Facilities Group,AP-2026-0373,debit,12324.78,3336566.71,ach
BNK-202603-0106,2026-03-17,2026-03-17,CHECK 10438,Wrenfallow Security Systems,10438,debit,4559.33,3332007.38,check
BNK-202603-0107,2026-03-18,2026-03-19,ACH CREDIT AMBERFIELD LOGISTICS INV-2026-0403,Amberfield Logistics,INV-2026-0403,credit,12228.03,3344235.41,ach
BNK-202603-0108,2026-03-18,2026-03-19,ACH CREDIT BRAMBLECOURT LLC INV-2026-0440,Bramblecourt LLC,INV-2026-0440,credit,22539.21,3366774.62,ach
BNK-202603-0109,2026-03-18,2026-03-19,ACH CREDIT NORTHFIELD GROUP INV-2026-0442,Northfield Group,INV-2026-0442,credit,1755.14,3368529.76,ach
BNK-202603-0110,2026-03-18,2026-03-19,ACH CREDIT AMBERLINE HOLDINGS INV-2026-0450,Amberline Holdings,INV-2026-0450,credit,14571.41,3383101.17,ach
BNK-202603-0111,2026-03-18,2026-03-19,ACH CREDIT BRAMBLECOURT LLC INV-2026-0456,Bramblecourt LLC,INV-2026-0456,credit,26511.43,3409612.60,ach
BNK-202603-0112,2026-03-18,2026-03-18,CARD SETTLEMENT MERCHANT SERVICES SETTLE-20260318,Anchor Point Bank,SETTLE-20260318,credit,7784.56,3417397.16,card
BNK-202603-0113,2026-03-18,2026-03-18,ACH DEBIT TALENTFORCE HR PLATFORM AP-2026-0360,TalentForce HR Platform,AP-2026-0360,debit,27050.90,3390346.26,ach
BNK-202603-0114,2026-03-18,2026-03-18,ACH DEBIT BIRCHCROFT PROPERTIES AP-2026-0366,Birchcroft Properties,AP-2026-0366,debit,18356.18,3371990.08,ach
BNK-202603-0115,2026-03-18,2026-03-18,CHECK 10440,Kestrelmoor Staffing Partners,10440,debit,9514.67,3362475.41,check
BNK-202603-0116,2026-03-18,2026-03-18,CHECK 10441,Braxmoor Recruiting Group,10441,debit,7317.19,3355158.22,check
BNK-202603-0117,2026-03-19,2026-03-20,ACH CREDIT BRAMBLECOURT ANALYTICS INV-2026-0412,Bramblecourt Analytics,INV-2026-0412,credit,31595.67,3386753.89,ach
BNK-202603-0118,2026-03-19,2026-03-20,ACH CREDIT BRAMBLECOURT LLC INV-2026-0437,Bramblecourt LLC,INV-2026-0437,credit,14393.28,3401147.17,ach
BNK-202603-0119,2026-03-19,2026-03-20,ACH CREDIT WINDROW HOLDINGS INV-2026-0441,Windrow Holdings,INV-2026-0441,credit,13839.74,3414986.91,ach
BNK-202603-0120,2026-03-19,2026-03-19,WIRE IN BRAMBLECOURT ANALYTICS INV-2026-0477,Bramblecourt Analytics,INV-2026-0477,credit,143514.36,3558501.27,wire
BNK-202603-0121,2026-03-19,2026-03-19,ACH DEBIT KESTRELMOOR STAFFING PARTNERS AP-2026-0350,Kestrelmoor Staffing Partners,AP-2026-0350,debit,12777.58,3545723.69,ach
BNK-202603-0122,2026-03-19,2026-03-19,ACH DEBIT SARROWMERE PRINT WORKS AP-2026-0351,Sarrowmere Print Works,AP-2026-0351,debit,6454.86,3539268.83,ach
BNK-202603-0123,2026-03-19,2026-03-19,ACH DEBIT FENWHISTLE TRAVEL DESK AP-2026-0358,Fenwhistle Travel Desk,AP-2026-0358,debit,16182.59,3523086.24,ach
BNK-202603-0124,2026-03-19,2026-03-19,ACH DEBIT KESTRELMOOR STAFFING PARTNERS AP-2026-0379,Kestrelmoor Staffing Partners,AP-2026-0379,debit,26346.89,3496739.35,ach
BNK-202603-0125,2026-03-19,2026-03-19,CHECK 10437,Harrowfen Facilities Group,10437,debit,4629.36,3492109.99,check
BNK-202603-0126,2026-03-20,2026-03-23,ACH CREDIT COPPERFEN PARTNERS INV-2026-0413,Copperfen Partners,INV-2026-0413,credit,26425.42,3518535.41,ach
BNK-202603-0127,2026-03-20,2026-03-23,ACH CREDIT ELMSTEAD HOLDINGS INV-2026-0414,Elmstead Holdings,INV-2026-0414,credit,36103.76,3554639.17,ach
BNK-202603-0128,2026-03-20,2026-03-23,ACH CREDIT CINDERBROOK LLC INV-2026-0420,Cinderbrook LLC,INV-2026-0420,credit,35320.44,3589959.61,ach
BNK-202603-0129,2026-03-20,2026-03-23,ACH CREDIT AMBERLINE HOLDINGS INV-2026-0427,Amberline Holdings,INV-2026-0427,credit,43194.38,3633153.99,ach
BNK-202603-0130,2026-03-20,2026-03-23,ACH CREDIT ELMSTEAD HOLDINGS INV-2026-0447,Elmstead Holdings,INV-2026-0447,credit,28623.04,3661777.03,ach
BNK-202603-0131,2026-03-20,2026-03-20,WIRE OUT WRENFALLOW SECURITY SYSTEMS AP-2026-0383,Wrenfallow Security Systems,AP-2026-0383,debit,71644.95,3590132.08,wire
BNK-202603-0132,2026-03-20,2026-03-20,CORPORATE CARD SETTLEMENT CARD-20260320,Anchor Point Bank,CARD-20260320,debit,17546.36,3572585.72,card
BNK-202603-0133,2026-03-23,2026-03-24,ACH CREDIT THORNWICK PARTNERS INV-2026-0468,Thornwick Partners,INV-2026-0468,credit,22015.25,3594600.97,ach
BNK-202603-0134,2026-03-23,2026-03-23,CARD SETTLEMENT MERCHANT SERVICES SETTLE-20260323,Anchor Point Bank,SETTLE-20260323,credit,943.65,3595544.62,card
BNK-202603-0135,2026-03-23,2026-03-23,ACH DEBIT BIRCHCROFT PROPERTIES AP-2026-0341,Birchcroft Properties,AP-2026-0341,debit,19570.45,3575974.17,ach
BNK-202603-0136,2026-03-23,2026-03-23,ACH DEBIT CEDARLINE OFFICE SUPPLY AP-2026-0346,Cedarline Office Supply,AP-2026-0346,debit,32135.18,3543838.99,ach
BNK-202603-0137,2026-03-23,2026-03-23,ACH DEBIT TALENTFORCE HR PLATFORM AP-2026-0348,TalentForce HR Platform,AP-2026-0348,debit,27964.31,3515874.68,ach
BNK-202603-0138,2026-03-23,2026-03-23,ACH DEBIT WRENFALLOW SECURITY SYSTEMS AP-2026-0371,Wrenfallow Security Systems,AP-2026-0371,debit,18930.76,3496943.92,ach
BNK-202603-0139,2026-03-24,2026-03-25,ACH CREDIT GLADEWICK LLC INV-2026-0448,Gladewick LLC,INV-2026-0448,credit,21341.21,3518285.13,ach
BNK-202603-0140,2026-03-24,2026-03-24,ACH DEBIT CEDARLINE OFFICE SUPPLY AP-2026-0337,Cedarline Office Supply,AP-2026-0337,debit,623.65,3517661.48,ach
BNK-202603-0141,2026-03-24,2026-03-24,ACH DEBIT FALLOWMERE CATERING AP-2026-0355,Fallowmere Catering,AP-2026-0355,debit,28342.42,3489319.06,ach
BNK-202603-0142,2026-03-24,2026-03-24,ACH DEBIT DATAPULSE ANALYTICS AP-2026-0363,DataPulse Analytics,AP-2026-0363,debit,34337.54,3454981.52,ach
BNK-202603-0143,2026-03-24,2026-03-24,CHECK 10443,TalentForce HR Platform,10443,debit,11820.96,3443160.56,check
BNK-202603-0144,2026-03-25,2026-03-26,ACH CREDIT BRAMBLECOURT ANALYTICS INV-2026-0407,Bramblecourt Analytics,INV-2026-0407,credit,34342.56,3477503.12,ach
BNK-202603-0145,2026-03-25,2026-03-26,ACH CREDIT CINDERBROOK LLC INV-2026-0444,Cinderbrook LLC,INV-2026-0444,credit,33444.43,3510947.55,ach
BNK-202603-0146,2026-03-25,2026-03-26,ACH CREDIT AMBERFIELD LOGISTICS INV-2026-0451,Amberfield Logistics,INV-2026-0451,credit,39716.47,3550664.02,ach
BNK-202603-0147,2026-03-25,2026-03-26,ACH CREDIT CINDERBROOK LLC INV-2026-0454,Cinderbrook LLC,INV-2026-0454,credit,23852.93,3574516.95,ach
BNK-202603-0148,2026-03-25,2026-03-25,WIRE IN GLADEWICK LLC INV-2026-0473,Gladewick LLC,INV-2026-0473,credit,179113.53,3753630.48,wire
BNK-202603-0149,2026-03-25,2026-03-25,WIRE IN NORTHFIELD GROUP INV-2026-0480,Northfield Group,INV-2026-0480,credit,226100.62,3979731.10,wire
BNK-202603-0150,2026-03-25,2026-03-25,WIRE IN GLADEWICK LLC INV-2026-0485,Gladewick LLC,INV-2026-0485,credit,105745.75,4085476.85,wire
BNK-202603-0151,2026-03-25,2026-03-25,WIRE IN WRENHAVEN GROUP INV-2026-0486,Wrenhaven Group,INV-2026-0486,credit,68478.04,4153954.89,wire
BNK-202603-0152,2026-03-25,2026-03-25,ACH DEBIT DATAPULSE ANALYTICS AP-2026-0332,DataPulse Analytics,AP-2026-0332,debit,22804.05,4131150.84,ach
BNK-202603-0153,2026-03-25,2026-03-25,ACH DEBIT BIRCHCROFT PROPERTIES AP-2026-0338,Birchcroft Properties,AP-2026-0338,debit,12363.96,4118786.88,ach
BNK-202603-0154,2026-03-25,2026-03-25,ACH DEBIT DATAPULSE ANALYTICS AP-2026-0354,DataPulse Analytics,AP-2026-0354,debit,34300.05,4084486.83,ach
BNK-202603-0155,2026-03-25,2026-03-25,CHECK 10446,DataPulse Analytics,10446,debit,3014.81,4081472.02,check
BNK-202603-0156,2026-03-25,2026-03-25,CHECK 10451,Kestrelmoor Staffing Partners,10451,debit,4851.37,4076620.65,check
BNK-202603-0157,2026-03-26,2026-03-27,ACH CREDIT HOLLOWAY VALE PARTNERS INV-2026-0423,Holloway Vale Partners,INV-2026-0423,credit,14716.71,4091337.36,ach
BNK-202603-0158,2026-03-26,2026-03-27,ACH CREDIT SAGEBROOK LLC INV-2026-0452,Sagebrook LLC,INV-2026-0452,credit,3971.40,4095308.76,ach
BNK-202603-0159,2026-03-26,2026-03-26,ACH DEBIT THACKENRIDGE COURIER AP-2026-0367,Thackenridge Courier,AP-2026-0367,debit,19730.51,4075578.25,ach
BNK-202603-0160,2026-03-26,2026-03-26,CHECK 10448,DataPulse Analytics,10448,debit,1312.48,4074265.77,check
BNK-202603-0161,2026-03-27,2026-03-30,ACH CREDIT AMBERLINE HOLDINGS INV-2026-0421,Amberline Holdings,INV-2026-0421,credit,33990.56,4108256.33,ach
BNK-202603-0162,2026-03-27,2026-03-30,ACH CREDIT HOLLOWAY VALE PARTNERS INV-2026-0428,Holloway Vale Partners,INV-2026-0428,credit,25071.59,4133327.92,ach
BNK-202603-0163,2026-03-27,2026-03-30,ACH CREDIT HOLLOWAY VALE PARTNERS INV-2026-0438,Holloway Vale Partners,INV-2026-0438,credit,43718.73,4177046.65,ach
BNK-202603-0164,2026-03-27,2026-03-30,ACH CREDIT ELMSTEAD HOLDINGS INV-2026-0469,Elmstead Holdings,INV-2026-0469,credit,41552.34,4218598.99,ach
BNK-202603-0165,2026-03-27,2026-03-27,WIRE IN KETTLEBROOK PARTNERS INV-2026-0472,Kettlebrook Partners,INV-2026-0472,credit,55666.34,4274265.33,wire
BNK-202603-0166,2026-03-27,2026-03-27,CARD SETTLEMENT MERCHANT SERVICES SETTLE-20260327,Anchor Point Bank,SETTLE-20260327,credit,3035.39,4277300.72,card
BNK-202603-0167,2026-03-27,2026-03-27,ACH DEBIT TALENTFORCE HR PLATFORM AP-2026-0349,TalentForce HR Platform,AP-2026-0349,debit,18596.70,4258704.02,ach
BNK-202603-0168,2026-03-27,2026-03-27,ACH DEBIT FENWHISTLE TRAVEL DESK AP-2026-0362,Fenwhistle Travel Desk,AP-2026-0362,debit,3716.58,4254987.44,ach
BNK-202603-0169,2026-03-27,2026-03-27,ACH DEBIT FALLOWMERE CATERING AP-2026-0376,Fallowmere Catering,AP-2026-0376,debit,30781.23,4224206.21,ach
BNK-202603-0170,2026-03-27,2026-03-27,WIRE OUT TALENTFORCE HR PLATFORM AP-2026-0384,TalentForce HR Platform,AP-2026-0384,debit,52548.31,4171657.90,wire
BNK-202603-0171,2026-03-27,2026-03-27,TRANSFER TO PAYROLL ACCT XXXX-4425,Atticus Dundee Inc.,PAYROLL-20260327,debit,1646480.53,2525177.37,transfer
BNK-202603-0172,2026-03-27,2026-03-27,CORPORATE CARD SETTLEMENT CARD-20260327,Anchor Point Bank,CARD-20260327,debit,24659.45,2500517.92,card
BNK-202603-0173,2026-03-27,2026-03-27,CHECK 10445,Millgate Insurance Services,10445,debit,6802.16,2493715.76,check
BNK-202603-0174,2026-03-27,2026-03-27,CHECK 10447,Thackenridge Courier,10447,debit,8751.36,2484964.40,check
BNK-202603-0175,2026-03-30,2026-03-31,ACH CREDIT WRENHAVEN GROUP INV-2026-0409,Wrenhaven Group,INV-2026-0409,credit,14568.96,2499533.36,ach
BNK-202603-0176,2026-03-30,2026-03-31,ACH CREDIT GLADEWICK LLC INV-2026-0418,Gladewick LLC,INV-2026-0418,credit,37428.85,2536962.21,ach
BNK-202603-0177,2026-03-30,2026-03-31,ACH CREDIT KETTLEBROOK PARTNERS INV-2026-0426,Kettlebrook Partners,INV-2026-0426,credit,18382.45,2555344.66,ach
BNK-202603-0178,2026-03-30,2026-03-31,ACH CREDIT WRENHAVEN GROUP INV-2026-0429,Wrenhaven Group,INV-2026-0429,credit,22543.40,2577888.06,ach
BNK-202603-0179,2026-03-30,2026-03-31,ACH CREDIT CINDERBROOK LLC INV-2026-0435,Cinderbrook LLC,INV-2026-0435,credit,12036.95,2589925.01,ach
BNK-202603-0180,2026-03-30,2026-03-31,ACH CREDIT WINDROW HOLDINGS INV-2026-0457,Windrow Holdings,INV-2026-0457,credit,22759.29,2612684.30,ach
BNK-202603-0181,2026-03-30,2026-03-31,ACH CREDIT SAGEBROOK LLC INV-2026-0465,Sagebrook LLC,INV-2026-0465,credit,16355.58,2629039.88,ach
BNK-202603-0182,2026-03-30,2026-03-31,ACH CREDIT AMBERFIELD LOGISTICS INV-2026-0467,Amberfield Logistics,INV-2026-0467,credit,12890.25,2641930.13,ach
BNK-202603-0183,2026-03-30,2026-03-31,ACH CREDIT GLADEWICK LLC INV-2026-0470,Gladewick LLC,INV-2026-0470,credit,27622.23,2669552.36,ach
BNK-202603-0184,2026-03-30,2026-03-30,ACH DEBIT THACKENRIDGE COURIER AP-2026-0331,Thackenridge Courier,AP-2026-0331,debit,8773.43,2660778.93,ach
BNK-202603-0185,2026-03-30,2026-03-30,ACH DEBIT CEDARLINE OFFICE SUPPLY AP-2026-0359,Cedarline Office Supply,AP-2026-0359,debit,33788.29,2626990.64,ach
BNK-202603-0186,2026-03-30,2026-03-30,CHECK 10453,Fallowmere Catering,10453,debit,2935.35,2624055.29,check
BNK-202603-0187,2026-03-31,2026-04-01,ACH CREDIT COPPERFEN PARTNERS INV-2026-0410,Copperfen Partners,INV-2026-0410,credit,18673.43,2642728.72,ach
BNK-202603-0188,2026-03-31,2026-04-01,ACH CREDIT KETTLEBROOK PARTNERS INV-2026-0462,Kettlebrook Partners,INV-2026-0462,credit,5470.51,2648199.23,ach
BNK-202603-0189,2026-03-31,2026-03-31,WIRE IN HOLLOWAY VALE PARTNERS INV-2026-0478,Holloway Vale Partners,INV-2026-0478,credit,224422.37,2872621.60,wire
BNK-202603-0190,2026-03-31,2026-03-31,CARD SETTLEMENT MERCHANT SERVICES SETTLE-20260331,Anchor Point Bank,SETTLE-20260331,credit,7709.11,2880330.71,card
BNK-202603-0191,2026-03-31,2026-03-31,INTEREST PAID,Anchor Point Bank,INT-2026-03,credit,1316.63,2881647.34,interest
BNK-202603-0192,2026-03-31,2026-03-31,ACH DEBIT BRAXMOOR RECRUITING GROUP AP-2026-0335,Braxmoor Recruiting Group,AP-2026-0335,debit,34913.72,2846733.62,ach
BNK-202603-0193,2026-03-31,2026-03-31,ACH DEBIT FALLOWMERE CATERING AP-2026-0340,Fallowmere Catering,AP-2026-0340,debit,20210.56,2826523.06,ach
BNK-202603-0194,2026-03-31,2026-03-31,ACH DEBIT DATAPULSE ANALYTICS AP-2026-0347,DataPulse Analytics,AP-2026-0347,debit,18395.82,2808127.24,ach
BNK-202603-0195,2026-03-31,2026-03-31,MONTHLY ACCOUNT MAINTENANCE FEE,Anchor Point Bank,MAINT-2026-03,debit,245.00,2807882.24,fee
BNK-202603-0196,2026-03-31,2026-03-31,CHECK 10452,Braxmoor Recruiting Group,10452,debit,1597.78,2806284.46,check
