employee_id,first_name,last_name,department,role_title,level,manager_employee_id,start_date,employment_status,finance_system_role,email
EMP-0001,Kestrel,Ashgrove,Executive,Chief Executive Officer,Executive,,2019-03-09,active,,kestrel.ashgrove.emp-0001@co002.example
EMP-0002,Marlowe,Bellcrest,Engineering,"VP, Engineering",VP,EMP-0001,2021-05-30,active,,marlowe.bellcrest.emp-0002@co002.example
EMP-0003,Oleander,Ashgrove,Engineering,"Director, Engineering",Director,EMP-0002,2022-08-18,active,,oleander.ashgrove.emp-0003@co002.example
EMP-0004,Freya,Nightshade,Engineering,"Director, Engineering",Director,EMP-0002,2020-10-17,active,,freya.nightshade.emp-0004@co002.example
EMP-0005,Dashiell,Quennell,Engineering,"Director, Engineering",Director,EMP-0002,2020-04-13,active,,dashiell.quennell.emp-0005@co002.example
EMP-0006,Freya,Thistlewood,Engineering,"Director, Engineering",Director,EMP-0002,2025-04-18,active,,freya.thistlewood.emp-0006@co002.example
EMP-0007,Delphine,Greywick,Engineering,"Director, Engineering",Director,EMP-0002,2021-05-01,active,,delphine.greywick.emp-0007@co002.example
EMP-0008,Ivo,Bellcrest,Engineering,"Director, Engineering",Director,EMP-0002,2020-09-05,active,,ivo.bellcrest.emp-0008@co002.example
EMP-0009,Honora,Larkspur,Engineering,"Director, Engineering",Director,EMP-0002,2022-01-08,active,,honora.larkspur.emp-0009@co002.example
EMP-0010,Fenwick,Osgood,Engineering,"Director, Engineering",Director,EMP-0002,2020-03-17,active,,fenwick.osgood.emp-0010@co002.example
EMP-0011,Nessa,Juniper,Engineering,"Director, Engineering",Director,EMP-0002,2024-10-19,departed,,nessa.juniper.emp-0011@co002.example
EMP-0012,Cormac,Yarrow,Engineering,"Director, Engineering",Director,EMP-0002,2023-10-21,departed,,cormac.yarrow.emp-0012@co002.example
EMP-0013,Zephyrine,Yarrow,Engineering,"Director, Engineering",Director,EMP-0002,2020-08-03,active,,zephyrine.yarrow.emp-0013@co002.example
EMP-0014,Quenby,Osgood,Engineering,Engineering Manager,Manager,EMP-0005,2023-07-14,active,,quenby.osgood.emp-0014@co002.example
EMP-0015,Briar,Ravenscroft,Engineering,Engineering Manager,Manager,EMP-0012,2024-06-03,active,,briar.ravenscroft.emp-0015@co002.example
EMP-0016,Faro,Bellcrest,Engineering,Engineering Manager,Manager,EMP-0009,2021-04-05,active,,faro.bellcrest.emp-0016@co002.example
EMP-0017,Dashiell,Ashgrove,Engineering,Engineering Manager,Manager,EMP-0012,2024-12-21,active,,dashiell.ashgrove.emp-0017@co002.example
EMP-0018,Fenwick,Fairweather,Engineering,Engineering Manager,Manager,EMP-0005,2020-04-27,active,,fenwick.fairweather.emp-0018@co002.example
EMP-0019,Dashiell,Ashby,Engineering,Engineering Manager,Manager,EMP-0005,2022-09-16,active,,dashiell.ashby.emp-0019@co002.example
EMP-0020,Tobin,Oakhurst,Engineering,Engineering Manager,Manager,EMP-0005,2022-02-20,active,,tobin.oakhurst.emp-0020@co002.example
EMP-0021,Rhoswen,Norwich,Engineering,Engineering Manager,Manager,EMP-0007,2025-10-31,active,,rhoswen.norwich.emp-0021@co002.example
EMP-0022,Yara,Osgood,Engineering,Engineering Manager,Manager,EMP-0008,2024-11-11,active,,yara.osgood.emp-0022@co002.example
EMP-0023,Saskia,Ingledew,Engineering,Engineering Manager,Manager,EMP-0003,2021-02-06,active,,saskia.ingledew.emp-0023@co002.example
EMP-0024,Sable,Holloway,Engineering,Engineering Manager,Manager,EMP-0004,2024-11-30,active,,sable.holloway.emp-0024@co002.example
EMP-0025,Dashiell,Bellcrest,Engineering,Engineering Manager,Manager,EMP-0007,2021-07-07,active,,dashiell.bellcrest.emp-0025@co002.example
EMP-0026,Perrin,Ashgrove,Engineering,Engineering Manager,Manager,EMP-0009,2020-08-16,active,,perrin.ashgrove.emp-0026@co002.example
EMP-0027,Wystan,Grayling,Engineering,Engineering Manager,Manager,EMP-0005,2023-03-04,active,,wystan.grayling.emp-0027@co002.example
EMP-0028,Saskia,Ashgrove,Engineering,Engineering Manager,Manager,EMP-0009,2020-05-15,active,,saskia.ashgrove.emp-0028@co002.example
EMP-0029,Ivo,Kirtland,Engineering,Engineering Manager,Manager,EMP-0006,2023-01-23,active,,ivo.kirtland.emp-0029@co002.example
EMP-0030,Sorrel,Fenmore,Engineering,Engineering Manager,Manager,EMP-0006,2020-08-02,active,,sorrel.fenmore.emp-0030@co002.example
EMP-0031,Cormac,Elderkin,Engineering,Engineering Manager,Manager,EMP-0010,2025-07-17,active,,cormac.elderkin.emp-0031@co002.example
EMP-0032,Junot,Kestenbaum,Engineering,Engineering Manager,Manager,EMP-0007,2020-08-30,departed,,junot.kestenbaum.emp-0032@co002.example
EMP-0033,Honora,Marchbanks,Engineering,Engineering Manager,Manager,EMP-0005,2020-12-20,active,,honora.marchbanks.emp-0033@co002.example
EMP-0034,Wystan,Kestenbaum,Engineering,Engineering Manager,Manager,EMP-0008,2021-06-12,active,,wystan.kestenbaum.emp-0034@co002.example
EMP-0035,Baxter,Marchbanks,Engineering,Engineering Manager,Manager,EMP-0006,2025-02-26,active,,baxter.marchbanks.emp-0035@co002.example
EMP-0036,Lyric,Vantree,Engineering,Engineering Manager,Manager,EMP-0013,2022-10-28,active,,lyric.vantree.emp-0036@co002.example
EMP-0037,Verity,Kirtland,Engineering,Engineering Manager,Manager,EMP-0005,2025-05-19,active,,verity.kirtland.emp-0037@co002.example
EMP-0038,Ivo,Norwich,Engineering,Engineering Manager,Manager,EMP-0005,2024-12-26,active,,ivo.norwich.emp-0038@co002.example
EMP-0039,Honora,Moorfield,Engineering,Engineering Manager,Manager,EMP-0003,2020-05-25,active,,honora.moorfield.emp-0039@co002.example
EMP-0040,Merritt,Larkspur,Engineering,Engineering Manager,Manager,EMP-0013,2022-02-21,active,,merritt.larkspur.emp-0040@co002.example
EMP-0041,Zephyrine,Pemberton,Engineering,Engineering Manager,Manager,EMP-0009,2025-01-27,active,,zephyrine.pemberton.emp-0041@co002.example
EMP-0042,Sable,Yarrow,Engineering,QA Engineer,IC,EMP-0024,2022-03-29,active,,sable.yarrow.emp-0042@co002.example
EMP-0043,Delphine,Bellcrest,Engineering,Site Reliability Engineer,IC,EMP-0014,2020-11-20,active,,delphine.bellcrest.emp-0043@co002.example
EMP-0044,Dashiell,Fenmore,Engineering,QA Engineer,IC,EMP-0029,2024-06-11,active,,dashiell.fenmore.emp-0044@co002.example
EMP-0045,Ondine,Pennington,Engineering,Software Engineer,IC,EMP-0020,2022-04-04,active,,ondine.pennington.emp-0045@co002.example
EMP-0046,Wrenna,Oakhurst,Engineering,Software Engineer,IC,EMP-0025,2025-12-19,active,,wrenna.oakhurst.emp-0046@co002.example
EMP-0047,Hollis,Quennell,Engineering,Site Reliability Engineer,IC,EMP-0040,2020-10-16,active,,hollis.quennell.emp-0047@co002.example
EMP-0048,Rhoswen,Ashby,Engineering,Site Reliability Engineer,IC,EMP-0018,2020-12-24,active,,rhoswen.ashby.emp-0048@co002.example
EMP-0049,Lior,Quennell,Engineering,Software Engineer,IC,EMP-0017,2023-11-10,active,,lior.quennell.emp-0049@co002.example
EMP-0050,Verity,Larkspur,Engineering,Site Reliability Engineer,IC,EMP-0018,2020-03-18,active,,verity.larkspur.emp-0050@co002.example
EMP-0051,Corin,Corrigan,Engineering,Site Reliability Engineer,IC,EMP-0032,2024-04-02,active,,corin.corrigan.emp-0051@co002.example
EMP-0052,Aldous,Vantree,Engineering,QA Engineer,IC,EMP-0026,2020-09-08,active,,aldous.vantree.emp-0052@co002.example
EMP-0053,Gideon,Loxley,Engineering,Staff Engineer,IC,EMP-0019,2022-02-21,active,,gideon.loxley.emp-0053@co002.example
EMP-0054,Zephyrine,Marchbanks,Engineering,QA Engineer,IC,EMP-0032,2025-11-08,active,,zephyrine.marchbanks.emp-0054@co002.example
EMP-0055,Fenwick,Underhill,Engineering,Site Reliability Engineer,IC,EMP-0019,2021-08-08,active,,fenwick.underhill.emp-0055@co002.example
EMP-0056,Guinevere,Millgate,Engineering,QA Engineer,IC,EMP-0026,2022-02-14,active,,guinevere.millgate.emp-0056@co002.example
EMP-0057,Marlowe,Holloway,Engineering,Software Engineer,IC,EMP-0038,2025-10-16,active,,marlowe.holloway.emp-0057@co002.example
EMP-0058,Cassian,Holloway,Engineering,Software Engineer,IC,EMP-0015,2020-08-14,departed,,cassian.holloway.emp-0058@co002.example
EMP-0059,Lior,Crestfall,Engineering,Software Engineer,IC,EMP-0029,2023-04-11,active,,lior.crestfall.emp-0059@co002.example
EMP-0060,Emlyn,Hallowell,Engineering,Site Reliability Engineer,IC,EMP-0031,2023-06-21,active,,emlyn.hallowell.emp-0060@co002.example
EMP-0061,Wrenna,Kirtland,Engineering,QA Engineer,IC,EMP-0037,2020-09-25,active,,wrenna.kirtland.emp-0061@co002.example
EMP-0062,Junot,Ingledew,Engineering,Site Reliability Engineer,IC,EMP-0039,2024-03-12,active,,junot.ingledew.emp-0062@co002.example
EMP-0063,Reyna,Fairweather,Engineering,QA Engineer,IC,EMP-0024,2023-07-14,active,,reyna.fairweather.emp-0063@co002.example
EMP-0064,Thessaly,Elderkin,Engineering,Site Reliability Engineer,IC,EMP-0021,2022-06-10,active,,thessaly.elderkin.emp-0064@co002.example
EMP-0065,Faro,Ashgrove,Engineering,Site Reliability Engineer,IC,EMP-0038,2024-01-21,active,,faro.ashgrove.emp-0065@co002.example
EMP-0066,Dashiell,Underhill,Engineering,Site Reliability Engineer,IC,EMP-0020,2025-02-06,active,,dashiell.underhill.emp-0066@co002.example
EMP-0067,Aldous,Pemberton,Engineering,Site Reliability Engineer,IC,EMP-0026,2022-04-12,active,,aldous.pemberton.emp-0067@co002.example
EMP-0068,Wystan,Blackwood,Engineering,Site Reliability Engineer,IC,EMP-0040,2025-09-06,active,,wystan.blackwood.emp-0068@co002.example
EMP-0069,Cassian,Dunmore,Engineering,Site Reliability Engineer,IC,EMP-0037,2023-10-22,active,,cassian.dunmore.emp-0069@co002.example
EMP-0070,Tamsin,Marchbanks,Engineering,QA Engineer,IC,EMP-0031,2021-10-19,active,,tamsin.marchbanks.emp-0070@co002.example
EMP-0071,Oleander,Corrigan,Engineering,Software Engineer,IC,EMP-0022,2023-04-02,active,,oleander.corrigan.emp-0071@co002.example
EMP-0072,Tobin,Everhart,Engineering,QA Engineer,IC,EMP-0036,2023-04-24,active,,tobin.everhart.emp-0072@co002.example
EMP-0073,Yara,Pemberton,Engineering,QA Engineer,IC,EMP-0015,2023-02-12,active,,yara.pemberton.emp-0073@co002.example
EMP-0074,Gideon,Juniper,Engineering,Staff Engineer,IC,EMP-0030,2022-11-28,active,,gideon.juniper.emp-0074@co002.example
EMP-0075,Ulric,Millgate,Engineering,Software Engineer,IC,EMP-0040,2021-12-16,active,,ulric.millgate.emp-0075@co002.example
EMP-0076,Ivo,Underhill,Engineering,Software Engineer,IC,EMP-0040,2026-01-02,active,,ivo.underhill.emp-0076@co002.example
EMP-0077,Ivo,Ingledew,Engineering,QA Engineer,IC,EMP-0037,2021-10-21,active,,ivo.ingledew.emp-0077@co002.example
EMP-0078,Lyric,Grayling,Engineering,Software Engineer,IC,EMP-0015,2022-02-08,active,,lyric.grayling.emp-0078@co002.example
EMP-0079,Cassian,Loxley,Engineering,Senior Software Engineer,IC,EMP-0014,2023-12-25,active,,cassian.loxley.emp-0079@co002.example
EMP-0080,Dashiell,Jarrow,Engineering,QA Engineer,IC,EMP-0033,2023-06-04,active,,dashiell.jarrow.emp-0080@co002.example
EMP-0081,Gideon,Everhart,Engineering,Staff Engineer,IC,EMP-0025,2021-05-29,active,,gideon.everhart.emp-0081@co002.example
EMP-0082,Halcyon,Fenmore,Engineering,Senior Software Engineer,IC,EMP-0037,2024-08-17,active,,halcyon.fenmore.emp-0082@co002.example
EMP-0083,Lyric,Crestfall,Engineering,Senior Software Engineer,IC,EMP-0036,2024-08-31,active,,lyric.crestfall.emp-0083@co002.example
EMP-0084,Baxter,Osgood,Engineering,Staff Engineer,IC,EMP-0033,2023-05-11,active,,baxter.osgood.emp-0084@co002.example
EMP-0085,Kestrel,Osgood,Engineering,QA Engineer,IC,EMP-0039,2023-03-15,active,,kestrel.osgood.emp-0085@co002.example
EMP-0086,Oleander,Fairweather,Engineering,Site Reliability Engineer,IC,EMP-0029,2020-11-06,active,,oleander.fairweather.emp-0086@co002.example
EMP-0087,Oleander,Larkspur,Engineering,Staff Engineer,IC,EMP-0021,2025-04-09,active,,oleander.larkspur.emp-0087@co002.example
EMP-0088,Rhoswen,Duskwood,Engineering,Software Engineer,IC,EMP-0015,2023-04-23,departed,,rhoswen.duskwood.emp-0088@co002.example
EMP-0089,Isolde,Pemberton,Engineering,Senior Software Engineer,IC,EMP-0018,2021-03-01,active,,isolde.pemberton.emp-0089@co002.example
EMP-0090,Kestrel,Ravenscroft,Engineering,Software Engineer,IC,EMP-0016,2024-05-14,active,,kestrel.ravenscroft.emp-0090@co002.example
EMP-0091,Hollis,Underhill,Engineering,Senior Software Engineer,IC,EMP-0027,2022-06-08,departed,,hollis.underhill.emp-0091@co002.example
EMP-0092,Emlyn,Vantree,Engineering,QA Engineer,IC,EMP-0014,2023-03-23,active,,emlyn.vantree.emp-0092@co002.example
EMP-0093,Wrenna,Ashby,Engineering,QA Engineer,IC,EMP-0023,2021-04-08,active,,wrenna.ashby.emp-0093@co002.example
EMP-0094,Rhoswen,Loxley,Engineering,Senior Software Engineer,IC,EMP-0035,2023-11-04,active,,rhoswen.loxley.emp-0094@co002.example
EMP-0095,Kestrel,Greywick,Engineering,Senior Software Engineer,IC,EMP-0041,2020-04-25,active,,kestrel.greywick.emp-0095@co002.example
EMP-0096,Reyna,Quennell,Engineering,Software Engineer,IC,EMP-0023,2021-10-10,active,,reyna.quennell.emp-0096@co002.example
EMP-0097,Ondine,Kestenbaum,Engineering,Site Reliability Engineer,IC,EMP-0026,2021-10-07,active,,ondine.kestenbaum.emp-0097@co002.example
EMP-0098,Yara,Dunmore,Engineering,Staff Engineer,IC,EMP-0020,2022-09-22,active,,yara.dunmore.emp-0098@co002.example
EMP-0099,Odalys,Hallowell,Engineering,Software Engineer,IC,EMP-0021,2025-08-25,active,,odalys.hallowell.emp-0099@co002.example
EMP-0100,Reyna,Larkspur,Engineering,Site Reliability Engineer,IC,EMP-0027,2022-04-07,active,,reyna.larkspur.emp-0100@co002.example
EMP-0101,Ewald,Pennington,Engineering,QA Engineer,IC,EMP-0021,2021-07-18,active,,ewald.pennington.emp-0101@co002.example
EMP-0102,Tamsin,Loxley,Engineering,Software Engineer,IC,EMP-0018,2021-10-25,active,,tamsin.loxley.emp-0102@co002.example
EMP-0103,Rhoswen,Bellcrest,Engineering,Software Engineer,IC,EMP-0028,2022-12-22,active,,rhoswen.bellcrest.emp-0103@co002.example
EMP-0104,Piran,Ashby,Engineering,Site Reliability Engineer,IC,EMP-0021,2023-04-16,active,,piran.ashby.emp-0104@co002.example
EMP-0105,Branwen,Everhart,Engineering,Staff Engineer,IC,EMP-0029,2025-03-16,active,,branwen.everhart.emp-0105@co002.example
EMP-0106,Corwin,Jarrow,Engineering,Software Engineer,IC,EMP-0023,2024-02-18,active,,corwin.jarrow.emp-0106@co002.example
EMP-0107,Oleander,Blackwood,Engineering,Software Engineer,IC,EMP-0035,2020-05-23,active,,oleander.blackwood.emp-0107@co002.example
EMP-0108,Corin,Whitlock,Engineering,QA Engineer,IC,EMP-0021,2023-07-23,active,,corin.whitlock.emp-0108@co002.example
EMP-0109,Sable,Nightshade,Engineering,QA Engineer,IC,EMP-0016,2022-04-30,active,,sable.nightshade.emp-0109@co002.example
EMP-0110,Fenwick,Ashgrove,Engineering,QA Engineer,IC,EMP-0026,2025-10-26,active,,fenwick.ashgrove.emp-0110@co002.example
EMP-0111,Ondine,Fenmore,Engineering,Site Reliability Engineer,IC,EMP-0014,2022-09-19,active,,ondine.fenmore.emp-0111@co002.example
EMP-0112,Sorrel,Ingledew,Engineering,Staff Engineer,IC,EMP-0037,2024-03-02,active,,sorrel.ingledew.emp-0112@co002.example
EMP-0113,Aldous,Loxley,Engineering,QA Engineer,IC,EMP-0027,2020-10-28,active,,aldous.loxley.emp-0113@co002.example
EMP-0114,Merritt,Pemberton,Engineering,Software Engineer,IC,EMP-0028,2023-12-11,active,,merritt.pemberton.emp-0114@co002.example
EMP-0115,Nessa,Everhart,Engineering,Site Reliability Engineer,IC,EMP-0014,2024-12-15,active,,nessa.everhart.emp-0115@co002.example
EMP-0116,Merritt,Elderkin,Engineering,Staff Engineer,IC,EMP-0025,2024-12-02,active,,merritt.elderkin.emp-0116@co002.example
EMP-0117,Gideon,Hallowell,Engineering,Staff Engineer,IC,EMP-0016,2022-05-18,active,,gideon.hallowell.emp-0117@co002.example
EMP-0118,Quillon,Nightshade,Engineering,Senior Software Engineer,IC,EMP-0032,2024-04-23,active,,quillon.nightshade.emp-0118@co002.example
EMP-0119,Dashiell,Larkspur,Engineering,QA Engineer,IC,EMP-0038,2024-07-14,active,,dashiell.larkspur.emp-0119@co002.example
EMP-0120,Reyna,Kestenbaum,Engineering,Software Engineer,IC,EMP-0038,2021-09-29,active,,reyna.kestenbaum.emp-0120@co002.example
EMP-0121,Delphine,Crestfall,Engineering,Software Engineer,IC,EMP-0015,2021-02-12,active,,delphine.crestfall.emp-0121@co002.example
EMP-0122,Merritt,Ashby,Engineering,QA Engineer,IC,EMP-0022,2021-05-26,active,,merritt.ashby.emp-0122@co002.example
EMP-0123,Gideon,Ivorwood,Engineering,QA Engineer,IC,EMP-0017,2023-12-31,active,,gideon.ivorwood.emp-0123@co002.example
EMP-0124,Lior,Kirtland,Engineering,Site Reliability Engineer,IC,EMP-0032,2021-07-22,active,,lior.kirtland.emp-0124@co002.example
EMP-0125,Quenby,Jarrow,Engineering,Site Reliability Engineer,IC,EMP-0015,2024-11-03,active,,quenby.jarrow.emp-0125@co002.example
EMP-0126,Quillon,Elderkin,Engineering,Senior Software Engineer,IC,EMP-0038,2021-03-05,active,,quillon.elderkin.emp-0126@co002.example
EMP-0127,Marlowe,Fairweather,Engineering,Senior Software Engineer,IC,EMP-0023,2020-06-01,active,,marlowe.fairweather.emp-0127@co002.example
EMP-0128,Reyna,Bellcrest,Engineering,QA Engineer,IC,EMP-0022,2020-07-18,active,,reyna.bellcrest.emp-0128@co002.example
EMP-0129,Isolde,Loxley,Engineering,Staff Engineer,IC,EMP-0033,2020-07-15,active,,isolde.loxley.emp-0129@co002.example
EMP-0130,Perrin,Oakhurst,Engineering,Software Engineer,IC,EMP-0019,2020-09-18,active,,perrin.oakhurst.emp-0130@co002.example
EMP-0131,Tobin,Kirtland,Engineering,QA Engineer,IC,EMP-0023,2023-10-14,active,,tobin.kirtland.emp-0131@co002.example
EMP-0132,Isolde,Kirtland,Engineering,QA Engineer,IC,EMP-0025,2023-01-19,active,,isolde.kirtland.emp-0132@co002.example
EMP-0133,Ewald,Juniper,Engineering,Senior Software Engineer,IC,EMP-0029,2024-09-15,active,,ewald.juniper.emp-0133@co002.example
EMP-0134,Verity,Marchbanks,Engineering,Staff Engineer,IC,EMP-0036,2025-03-08,departed,,verity.marchbanks.emp-0134@co002.example
EMP-0135,Reyna,Whitlock,Engineering,QA Engineer,IC,EMP-0021,2021-06-03,active,,reyna.whitlock.emp-0135@co002.example
EMP-0136,Cormac,Grayling,Engineering,QA Engineer,IC,EMP-0026,2021-09-26,active,,cormac.grayling.emp-0136@co002.example
EMP-0137,Verity,Vantree,Engineering,Senior Software Engineer,IC,EMP-0037,2025-03-10,active,,verity.vantree.emp-0137@co002.example
EMP-0138,Ewald,Greywick,Engineering,Staff Engineer,IC,EMP-0018,2023-08-06,active,,ewald.greywick.emp-0138@co002.example
EMP-0139,Oleander,Marchbanks,Engineering,Software Engineer,IC,EMP-0036,2023-07-21,active,,oleander.marchbanks.emp-0139@co002.example
EMP-0140,Junot,Dunmore,Engineering,Site Reliability Engineer,IC,EMP-0024,2020-12-21,active,,junot.dunmore.emp-0140@co002.example
EMP-0141,Corwin,Juniper,Engineering,QA Engineer,IC,EMP-0025,2025-09-26,active,,corwin.juniper.emp-0141@co002.example
EMP-0142,Odalys,Thistlewood,Engineering,QA Engineer,IC,EMP-0040,2022-10-21,active,,odalys.thistlewood.emp-0142@co002.example
EMP-0143,Delphine,Moorfield,Engineering,Site Reliability Engineer,IC,EMP-0019,2025-07-25,departed,,delphine.moorfield.emp-0143@co002.example
EMP-0144,Piran,Everhart,Engineering,Staff Engineer,IC,EMP-0017,2020-07-10,active,,piran.everhart.emp-0144@co002.example
EMP-0145,Tamsin,Hallowell,Engineering,Software Engineer,IC,EMP-0034,2025-11-06,active,,tamsin.hallowell.emp-0145@co002.example
EMP-0146,Quillon,Norwich,Engineering,Site Reliability Engineer,IC,EMP-0027,2020-06-02,active,,quillon.norwich.emp-0146@co002.example
EMP-0147,Corin,Ingledew,Engineering,Software Engineer,IC,EMP-0031,2023-07-10,active,,corin.ingledew.emp-0147@co002.example
EMP-0148,Sorrel,Whitlock,Engineering,QA Engineer,IC,EMP-0020,2022-01-19,active,,sorrel.whitlock.emp-0148@co002.example
EMP-0149,Odalys,Holloway,Engineering,Software Engineer,IC,EMP-0022,2020-10-09,active,,odalys.holloway.emp-0149@co002.example
EMP-0150,Perrin,Osgood,Engineering,QA Engineer,IC,EMP-0030,2025-03-12,active,,perrin.osgood.emp-0150@co002.example
EMP-0151,Guinevere,Quennell,Engineering,Staff Engineer,IC,EMP-0037,2025-05-07,active,,guinevere.quennell.emp-0151@co002.example
EMP-0152,Briar,Grayling,Engineering,Site Reliability Engineer,IC,EMP-0027,2024-09-08,active,,briar.grayling.emp-0152@co002.example
EMP-0153,Yara,Nightshade,Engineering,Site Reliability Engineer,IC,EMP-0020,2020-12-20,active,,yara.nightshade.emp-0153@co002.example
EMP-0154,Odalys,Crestfall,Engineering,Senior Software Engineer,IC,EMP-0024,2020-06-03,active,,odalys.crestfall.emp-0154@co002.example
EMP-0155,Corwin,Fairweather,Engineering,Staff Engineer,IC,EMP-0029,2023-11-02,active,,corwin.fairweather.emp-0155@co002.example
EMP-0156,Dashiell,Pennington,Engineering,Staff Engineer,IC,EMP-0021,2024-07-28,active,,dashiell.pennington.emp-0156@co002.example
EMP-0157,Yara,Moorfield,Engineering,QA Engineer,IC,EMP-0034,2020-12-28,active,,yara.moorfield.emp-0157@co002.example
EMP-0158,Guinevere,Thistlewood,Engineering,Staff Engineer,IC,EMP-0019,2024-11-28,active,,guinevere.thistlewood.emp-0158@co002.example
EMP-0159,Freya,Quennell,Engineering,Staff Engineer,IC,EMP-0027,2021-03-20,active,,freya.quennell.emp-0159@co002.example
EMP-0160,Sorrel,Elderkin,Engineering,Senior Software Engineer,IC,EMP-0038,2023-01-02,active,,sorrel.elderkin.emp-0160@co002.example
EMP-0161,Hollis,Larkspur,Engineering,Staff Engineer,IC,EMP-0023,2023-11-18,active,,hollis.larkspur.emp-0161@co002.example
EMP-0162,Quenby,Oakhurst,Engineering,Software Engineer,IC,EMP-0029,2023-04-25,active,,quenby.oakhurst.emp-0162@co002.example
EMP-0163,Wrenna,Larkspur,Engineering,Senior Software Engineer,IC,EMP-0031,2024-04-15,active,,wrenna.larkspur.emp-0163@co002.example
EMP-0164,Lior,Hallowell,Engineering,Site Reliability Engineer,IC,EMP-0040,2022-08-10,active,,lior.hallowell.emp-0164@co002.example
EMP-0165,Tamsin,Yarrow,Engineering,Software Engineer,IC,EMP-0037,2025-04-14,active,,tamsin.yarrow.emp-0165@co002.example
EMP-0166,Junot,Yarrow,Engineering,Site Reliability Engineer,IC,EMP-0014,2020-08-03,active,,junot.yarrow.emp-0166@co002.example
EMP-0167,Perrin,Millgate,Engineering,Site Reliability Engineer,IC,EMP-0020,2021-11-10,active,,perrin.millgate.emp-0167@co002.example
EMP-0168,Hollis,Kestenbaum,Engineering,Software Engineer,IC,EMP-0040,2022-12-17,active,,hollis.kestenbaum.emp-0168@co002.example
EMP-0169,Emlyn,Blackwood,Engineering,Site Reliability Engineer,IC,EMP-0022,2022-06-22,active,,emlyn.blackwood.emp-0169@co002.example
EMP-0170,Isolde,Ravenscroft,Engineering,Site Reliability Engineer,IC,EMP-0021,2023-06-01,active,,isolde.ravenscroft.emp-0170@co002.example
EMP-0171,Quenby,Grayling,Engineering,Senior Software Engineer,IC,EMP-0040,2024-07-22,active,,quenby.grayling.emp-0171@co002.example
EMP-0172,Saskia,Elderkin,Engineering,Senior Software Engineer,IC,EMP-0019,2024-03-10,active,,saskia.elderkin.emp-0172@co002.example
EMP-0173,Quillon,Dunmore,Engineering,Staff Engineer,IC,EMP-0040,2025-03-17,active,,quillon.dunmore.emp-0173@co002.example
EMP-0174,Fenwick,Norwich,Engineering,Senior Software Engineer,IC,EMP-0020,2025-11-04,active,,fenwick.norwich.emp-0174@co002.example
EMP-0175,Wystan,Ingledew,Engineering,Site Reliability Engineer,IC,EMP-0024,2023-10-10,active,,wystan.ingledew.emp-0175@co002.example
EMP-0176,Wystan,Ravenscroft,Engineering,Software Engineer,IC,EMP-0019,2023-09-27,active,,wystan.ravenscroft.emp-0176@co002.example
EMP-0177,Gideon,Yarrow,Engineering,QA Engineer,IC,EMP-0032,2021-01-15,active,,gideon.yarrow.emp-0177@co002.example
EMP-0178,Branwen,Whitlock,Engineering,Senior Software Engineer,IC,EMP-0018,2026-01-22,active,,branwen.whitlock.emp-0178@co002.example
EMP-0179,Aldous,Millgate,Engineering,Senior Software Engineer,IC,EMP-0032,2023-10-18,active,,aldous.millgate.emp-0179@co002.example
EMP-0180,Corin,Moorfield,Engineering,Software Engineer,IC,EMP-0040,2024-09-01,active,,corin.moorfield.emp-0180@co002.example
EMP-0181,Sorrel,Osgood,Engineering,Site Reliability Engineer,IC,EMP-0034,2023-05-17,active,,sorrel.osgood.emp-0181@co002.example
EMP-0182,Tamsin,Fenmore,Engineering,Site Reliability Engineer,IC,EMP-0024,2025-09-26,active,,tamsin.fenmore.emp-0182@co002.example
EMP-0183,Rhoswen,Greywick,Engineering,Senior Software Engineer,IC,EMP-0036,2023-01-26,active,,rhoswen.greywick.emp-0183@co002.example
EMP-0184,Oleander,Grayling,Engineering,Staff Engineer,IC,EMP-0039,2025-04-12,active,,oleander.grayling.emp-0184@co002.example
EMP-0185,Kestrel,Thistlewood,Engineering,Senior Software Engineer,IC,EMP-0041,2020-07-14,active,,kestrel.thistlewood.emp-0185@co002.example
EMP-0186,Lyric,Ivorwood,Engineering,Senior Software Engineer,IC,EMP-0023,2023-05-06,active,,lyric.ivorwood.emp-0186@co002.example
EMP-0187,Thessaly,Quennell,Engineering,Site Reliability Engineer,IC,EMP-0039,2022-03-05,active,,thessaly.quennell.emp-0187@co002.example
EMP-0188,Fenwick,Everhart,Engineering,Site Reliability Engineer,IC,EMP-0038,2020-08-23,active,,fenwick.everhart.emp-0188@co002.example
EMP-0189,Saskia,Underhill,Engineering,Site Reliability Engineer,IC,EMP-0024,2021-01-19,active,,saskia.underhill.emp-0189@co002.example
EMP-0190,Ulric,Nightshade,Engineering,Senior Software Engineer,IC,EMP-0031,2021-03-07,active,,ulric.nightshade.emp-0190@co002.example
EMP-0191,Halcyon,Osgood,Engineering,Software Engineer,IC,EMP-0014,2023-09-04,active,,halcyon.osgood.emp-0191@co002.example
EMP-0192,Freya,Fairweather,Product,"VP, Product",VP,EMP-0001,2022-04-25,active,,freya.fairweather.emp-0192@co002.example
EMP-0193,Aldous,Ivorwood,Product,"Director, Product",Director,EMP-0192,2023-06-29,active,,aldous.ivorwood.emp-0193@co002.example
EMP-0194,Ivo,Hallowell,Product,"Director, Product",Director,EMP-0192,2021-11-15,active,,ivo.hallowell.emp-0194@co002.example
EMP-0195,Thessaly,Blackwood,Product,"Director, Product",Director,EMP-0192,2025-10-18,active,,thessaly.blackwood.emp-0195@co002.example
EMP-0196,Isolde,Nightshade,Product,Product Manager,Manager,EMP-0194,2023-02-12,active,,isolde.nightshade.emp-0196@co002.example
EMP-0197,Gideon,Greywick,Product,Product Manager,Manager,EMP-0193,2023-10-15,active,,gideon.greywick.emp-0197@co002.example
EMP-0198,Dashiell,Duskwood,Product,Product Manager,Manager,EMP-0194,2023-12-27,departed,,dashiell.duskwood.emp-0198@co002.example
EMP-0199,Baxter,Dunmore,Product,Product Manager,Manager,EMP-0195,2022-02-03,active,,baxter.dunmore.emp-0199@co002.example
EMP-0200,Thessaly,Jarrow,Product,Product Manager,Manager,EMP-0195,2020-09-19,active,,thessaly.jarrow.emp-0200@co002.example
EMP-0201,Wystan,Dunmore,Product,Product Manager,Manager,EMP-0194,2021-09-15,active,,wystan.dunmore.emp-0201@co002.example
EMP-0202,Junot,Nightshade,Product,Product Manager,Manager,EMP-0195,2023-10-21,active,,junot.nightshade.emp-0202@co002.example
EMP-0203,Verity,Blackwood,Product,Senior Product Manager,IC,EMP-0196,2020-08-05,active,,verity.blackwood.emp-0203@co002.example
EMP-0204,Quenby,Quennell,Product,Product Analyst,IC,EMP-0199,2021-01-14,active,,quenby.quennell.emp-0204@co002.example
EMP-0205,Kestrel,Hallowell,Product,Senior Product Manager,IC,EMP-0201,2021-11-20,active,,kestrel.hallowell.emp-0205@co002.example
EMP-0206,Ivo,Elderkin,Product,Product Manager,IC,EMP-0199,2021-11-09,active,,ivo.elderkin.emp-0206@co002.example
EMP-0207,Dashiell,Kirtland,Product,Senior Product Manager,IC,EMP-0197,2022-12-04,active,,dashiell.kirtland.emp-0207@co002.example
EMP-0208,Yara,Blackwood,Product,Senior Product Manager,IC,EMP-0201,2024-02-26,active,,yara.blackwood.emp-0208@co002.example
EMP-0209,Verity,Holloway,Product,Product Analyst,IC,EMP-0197,2022-10-13,active,,verity.holloway.emp-0209@co002.example
EMP-0210,Quenby,Pennington,Product,Senior Product Manager,IC,EMP-0198,2021-05-28,active,,quenby.pennington.emp-0210@co002.example
EMP-0211,Lior,Whitlock,Product,Product Analyst,IC,EMP-0202,2021-09-02,active,,lior.whitlock.emp-0211@co002.example
EMP-0212,Verity,Norwich,Product,Product Analyst,IC,EMP-0199,2025-07-25,active,,verity.norwich.emp-0212@co002.example
EMP-0213,Branwen,Grayling,Product,Product Manager,IC,EMP-0198,2021-02-03,active,,branwen.grayling.emp-0213@co002.example
EMP-0214,Tamsin,Larkspur,Product,Senior Product Manager,IC,EMP-0200,2023-11-14,active,,tamsin.larkspur.emp-0214@co002.example
EMP-0215,Piran,Fairweather,Product,Senior Product Manager,IC,EMP-0202,2022-09-28,active,,piran.fairweather.emp-0215@co002.example
EMP-0216,Freya,Grayling,Product,Senior Product Manager,IC,EMP-0199,2022-10-11,active,,freya.grayling.emp-0216@co002.example
EMP-0217,Zephyrine,Whitlock,Product,Product Manager,IC,EMP-0198,2024-01-19,active,,zephyrine.whitlock.emp-0217@co002.example
EMP-0218,Quenby,Underhill,Product,Product Analyst,IC,EMP-0200,2023-06-13,active,,quenby.underhill.emp-0218@co002.example
EMP-0219,Marlowe,Fenmore,Product,Product Manager,IC,EMP-0199,2023-07-16,active,,marlowe.fenmore.emp-0219@co002.example
EMP-0220,Branwen,Nightshade,Product,Product Analyst,IC,EMP-0198,2021-06-11,active,,branwen.nightshade.emp-0220@co002.example
EMP-0221,Sable,Ravenscroft,Product,Product Analyst,IC,EMP-0196,2025-08-20,active,,sable.ravenscroft.emp-0221@co002.example
EMP-0222,Aldous,Ashby,Product,Product Analyst,IC,EMP-0202,2025-01-21,active,,aldous.ashby.emp-0222@co002.example
EMP-0223,Freya,Millgate,Product,Product Manager,IC,EMP-0198,2022-08-15,active,,freya.millgate.emp-0223@co002.example
EMP-0224,Wystan,Quennell,Product,Product Analyst,IC,EMP-0199,2022-07-09,active,,wystan.quennell.emp-0224@co002.example
EMP-0225,Faro,Kestenbaum,Product,Product Manager,IC,EMP-0197,2020-06-26,active,,faro.kestenbaum.emp-0225@co002.example
EMP-0226,Zephyrine,Norwich,Product,Senior Product Manager,IC,EMP-0201,2022-02-20,active,,zephyrine.norwich.emp-0226@co002.example
EMP-0227,Zephyrine,Juniper,Product,Senior Product Manager,IC,EMP-0198,2022-07-29,active,,zephyrine.juniper.emp-0227@co002.example
EMP-0228,Ivo,Marchbanks,Product,Senior Product Manager,IC,EMP-0196,2021-10-18,active,,ivo.marchbanks.emp-0228@co002.example
EMP-0229,Junot,Crestfall,Product,Product Analyst,IC,EMP-0200,2024-03-09,active,,junot.crestfall.emp-0229@co002.example
EMP-0230,Halcyon,Pemberton,Product,Product Manager,IC,EMP-0200,2021-05-03,active,,halcyon.pemberton.emp-0230@co002.example
EMP-0231,Nessa,Grayling,Product,Product Analyst,IC,EMP-0199,2026-01-19,active,,nessa.grayling.emp-0231@co002.example
EMP-0232,Branwen,Kirtland,Product,Senior Product Manager,IC,EMP-0198,2022-06-05,active,,branwen.kirtland.emp-0232@co002.example
EMP-0233,Sable,Quennell,Product,Product Manager,IC,EMP-0197,2023-12-24,active,,sable.quennell.emp-0233@co002.example
EMP-0234,Nessa,Marchbanks,Product,Product Analyst,IC,EMP-0199,2024-08-10,active,,nessa.marchbanks.emp-0234@co002.example
EMP-0235,Zephyrine,Quennell,Product,Senior Product Manager,IC,EMP-0198,2022-05-22,active,,zephyrine.quennell.emp-0235@co002.example
EMP-0236,Ondine,Bellcrest,Product,Senior Product Manager,IC,EMP-0200,2020-11-24,active,,ondine.bellcrest.emp-0236@co002.example
EMP-0237,Faro,Dunmore,Product,Product Analyst,IC,EMP-0196,2023-08-25,active,,faro.dunmore.emp-0237@co002.example
EMP-0238,Reyna,Ingledew,Product,Product Manager,IC,EMP-0201,2025-11-25,active,,reyna.ingledew.emp-0238@co002.example
EMP-0239,Gideon,Fairweather,Product,Product Manager,IC,EMP-0200,2024-10-03,active,,gideon.fairweather.emp-0239@co002.example
EMP-0240,Zephyrine,Ashgrove,Product,Senior Product Manager,IC,EMP-0200,2021-03-22,active,,zephyrine.ashgrove.emp-0240@co002.example
EMP-0241,Fenwick,Duskwood,Sales,"VP, Sales",VP,EMP-0001,2023-01-30,active,,fenwick.duskwood.emp-0241@co002.example
EMP-0242,Marlowe,Millgate,Sales,"Director, Sales",Director,EMP-0241,2025-10-17,active,,marlowe.millgate.emp-0242@co002.example
EMP-0243,Zephyrine,Everhart,Sales,"Director, Sales",Director,EMP-0241,2025-03-13,active,,zephyrine.everhart.emp-0243@co002.example
EMP-0244,Lyric,Ingledew,Sales,"Director, Sales",Director,EMP-0241,2023-08-03,active,,lyric.ingledew.emp-0244@co002.example
EMP-0245,Ulric,Ingledew,Sales,"Director, Sales",Director,EMP-0241,2022-08-24,active,,ulric.ingledew.emp-0245@co002.example
EMP-0246,Piran,Crestfall,Sales,"Director, Sales",Director,EMP-0241,2021-10-11,active,,piran.crestfall.emp-0246@co002.example
EMP-0247,Piran,Hallowell,Sales,"Director, Sales",Director,EMP-0241,2022-05-24,active,,piran.hallowell.emp-0247@co002.example
EMP-0248,Piran,Kestenbaum,Sales,Sales Manager,Manager,EMP-0245,2023-01-28,active,,piran.kestenbaum.emp-0248@co002.example
EMP-0249,Fenwick,Quennell,Sales,Sales Manager,Manager,EMP-0245,2021-08-02,active,,fenwick.quennell.emp-0249@co002.example
EMP-0250,Kestrel,Corrigan,Sales,Sales Manager,Manager,EMP-0244,2023-06-25,active,,kestrel.corrigan.emp-0250@co002.example
EMP-0251,Briar,Fenmore,Sales,Sales Manager,Manager,EMP-0247,2025-05-29,active,,briar.fenmore.emp-0251@co002.example
EMP-0252,Halcyon,Jarrow,Sales,Sales Manager,Manager,EMP-0242,2023-11-02,active,,halcyon.jarrow.emp-0252@co002.example
EMP-0253,Lior,Moorfield,Sales,Sales Manager,Manager,EMP-0243,2021-02-04,active,,lior.moorfield.emp-0253@co002.example
EMP-0254,Odalys,Pemberton,Sales,Sales Manager,Manager,EMP-0244,2025-04-13,active,,odalys.pemberton.emp-0254@co002.example
EMP-0255,Tobin,Blackwood,Sales,Sales Manager,Manager,EMP-0246,2023-12-31,active,,tobin.blackwood.emp-0255@co002.example
EMP-0256,Branwen,Millgate,Sales,Sales Manager,Manager,EMP-0242,2025-03-09,active,,branwen.millgate.emp-0256@co002.example
EMP-0257,Reyna,Loxley,Sales,Sales Manager,Manager,EMP-0247,2023-04-24,active,,reyna.loxley.emp-0257@co002.example
EMP-0258,Fenwick,Oakhurst,Sales,Sales Manager,Manager,EMP-0246,2021-01-12,active,,fenwick.oakhurst.emp-0258@co002.example
EMP-0259,Rhoswen,Millgate,Sales,Sales Manager,Manager,EMP-0245,2021-11-19,active,,rhoswen.millgate.emp-0259@co002.example
EMP-0260,Junot,Bellcrest,Sales,Sales Manager,Manager,EMP-0247,2022-10-10,active,,junot.bellcrest.emp-0260@co002.example
EMP-0261,Piran,Loxley,Sales,Sales Manager,Manager,EMP-0243,2024-04-09,active,,piran.loxley.emp-0261@co002.example
EMP-0262,Marlowe,Pemberton,Sales,Sales Manager,Manager,EMP-0245,2021-04-11,active,,marlowe.pemberton.emp-0262@co002.example
EMP-0263,Wystan,Hallowell,Sales,Sales Manager,Manager,EMP-0245,2023-04-15,active,,wystan.hallowell.emp-0263@co002.example
EMP-0264,Oleander,Jarrow,Sales,Enterprise Account Executive,IC,EMP-0250,2025-09-18,active,,oleander.jarrow.emp-0264@co002.example
EMP-0265,Tobin,Greywick,Sales,Sales Development Rep,IC,EMP-0263,2025-04-20,active,,tobin.greywick.emp-0265@co002.example
EMP-0266,Piran,Larkspur,Sales,Enterprise Account Executive,IC,EMP-0249,2025-09-02,active,,piran.larkspur.emp-0266@co002.example
EMP-0267,Marlowe,Yarrow,Sales,Enterprise Account Executive,IC,EMP-0261,2026-01-08,active,,marlowe.yarrow.emp-0267@co002.example
EMP-0268,Tobin,Ashby,Sales,Sales Development Rep,IC,EMP-0248,2021-08-04,active,,tobin.ashby.emp-0268@co002.example
EMP-0269,Fenwick,Ivorwood,Sales,Enterprise Account Executive,IC,EMP-0261,2021-03-06,active,,fenwick.ivorwood.emp-0269@co002.example
EMP-0270,Junot,Grayling,Sales,Sales Engineer,IC,EMP-0260,2025-08-29,active,,junot.grayling.emp-0270@co002.example
EMP-0271,Reyna,Greywick,Sales,Sales Engineer,IC,EMP-0248,2020-11-30,active,,reyna.greywick.emp-0271@co002.example
EMP-0272,Wrenna,Corrigan,Sales,Account Executive,IC,EMP-0263,2025-11-15,active,,wrenna.corrigan.emp-0272@co002.example
EMP-0273,Honora,Underhill,Sales,Account Executive,IC,EMP-0250,2022-04-13,active,,honora.underhill.emp-0273@co002.example
EMP-0274,Odalys,Ivorwood,Sales,Sales Development Rep,IC,EMP-0260,2020-11-16,active,,odalys.ivorwood.emp-0274@co002.example
EMP-0275,Hollis,Fairweather,Sales,Account Executive,IC,EMP-0253,2021-06-23,active,,hollis.fairweather.emp-0275@co002.example
EMP-0276,Odalys,Whitlock,Sales,Enterprise Account Executive,IC,EMP-0261,2024-03-30,active,,odalys.whitlock.emp-0276@co002.example
EMP-0277,Cormac,Kestenbaum,Sales,Enterprise Account Executive,IC,EMP-0262,2025-06-23,active,,cormac.kestenbaum.emp-0277@co002.example
EMP-0278,Merritt,Crestfall,Sales,Sales Development Rep,IC,EMP-0262,2023-06-20,active,,merritt.crestfall.emp-0278@co002.example
EMP-0279,Hollis,Millgate,Sales,Sales Development Rep,IC,EMP-0248,2023-09-22,departed,,hollis.millgate.emp-0279@co002.example
EMP-0280,Verity,Hallowell,Sales,Sales Engineer,IC,EMP-0249,2020-12-30,active,,verity.hallowell.emp-0280@co002.example
EMP-0281,Rhoswen,Underhill,Sales,Account Executive,IC,EMP-0261,2021-12-15,active,,rhoswen.underhill.emp-0281@co002.example
EMP-0282,Emlyn,Marchbanks,Sales,Enterprise Account Executive,IC,EMP-0254,2022-09-30,active,,emlyn.marchbanks.emp-0282@co002.example
EMP-0283,Hollis,Pemberton,Sales,Sales Engineer,IC,EMP-0258,2021-09-21,active,,hollis.pemberton.emp-0283@co002.example
EMP-0284,Zephyrine,Holloway,Sales,Enterprise Account Executive,IC,EMP-0260,2025-10-06,active,,zephyrine.holloway.emp-0284@co002.example
EMP-0285,Saskia,Pemberton,Sales,Enterprise Account Executive,IC,EMP-0263,2024-01-05,active,,saskia.pemberton.emp-0285@co002.example
EMP-0286,Lyric,Elderkin,Sales,Sales Engineer,IC,EMP-0251,2021-01-11,active,,lyric.elderkin.emp-0286@co002.example
EMP-0287,Ewald,Bellcrest,Sales,Account Executive,IC,EMP-0249,2024-11-30,active,,ewald.bellcrest.emp-0287@co002.example
EMP-0288,Quenby,Ravenscroft,Sales,Sales Development Rep,IC,EMP-0261,2020-07-14,active,,quenby.ravenscroft.emp-0288@co002.example
EMP-0289,Verity,Quennell,Sales,Sales Engineer,IC,EMP-0251,2023-04-20,active,,verity.quennell.emp-0289@co002.example
EMP-0290,Quenby,Yarrow,Sales,Account Executive,IC,EMP-0260,2024-03-28,active,,quenby.yarrow.emp-0290@co002.example
EMP-0291,Baxter,Duskwood,Sales,Enterprise Account Executive,IC,EMP-0252,2024-05-20,active,,baxter.duskwood.emp-0291@co002.example
EMP-0292,Tobin,Fenmore,Sales,Account Executive,IC,EMP-0254,2023-09-05,active,,tobin.fenmore.emp-0292@co002.example
EMP-0293,Marlowe,Moorfield,Sales,Sales Development Rep,IC,EMP-0259,2025-02-07,active,,marlowe.moorfield.emp-0293@co002.example
EMP-0294,Lyric,Nightshade,Sales,Sales Engineer,IC,EMP-0262,2023-09-23,active,,lyric.nightshade.emp-0294@co002.example
EMP-0295,Marlowe,Osgood,Sales,Account Executive,IC,EMP-0262,2020-05-16,active,,marlowe.osgood.emp-0295@co002.example
EMP-0296,Wystan,Osgood,Sales,Account Executive,IC,EMP-0252,2024-06-10,active,,wystan.osgood.emp-0296@co002.example
EMP-0297,Cassian,Whitlock,Sales,Sales Development Rep,IC,EMP-0256,2023-10-13,active,,cassian.whitlock.emp-0297@co002.example
EMP-0298,Delphine,Whitlock,Sales,Sales Development Rep,IC,EMP-0261,2020-08-18,active,,delphine.whitlock.emp-0298@co002.example
EMP-0299,Halcyon,Norwich,Sales,Enterprise Account Executive,IC,EMP-0257,2022-01-13,active,,halcyon.norwich.emp-0299@co002.example
EMP-0300,Tobin,Thistlewood,Sales,Enterprise Account Executive,IC,EMP-0255,2021-05-18,active,,tobin.thistlewood.emp-0300@co002.example
EMP-0301,Piran,Underhill,Sales,Sales Engineer,IC,EMP-0255,2022-03-15,active,,piran.underhill.emp-0301@co002.example
EMP-0302,Verity,Ashby,Sales,Enterprise Account Executive,IC,EMP-0252,2025-04-23,departed,,verity.ashby.emp-0302@co002.example
EMP-0303,Faro,Blackwood,Sales,Enterprise Account Executive,IC,EMP-0255,2021-09-06,active,,faro.blackwood.emp-0303@co002.example
EMP-0304,Merritt,Moorfield,Sales,Enterprise Account Executive,IC,EMP-0257,2021-04-18,active,,merritt.moorfield.emp-0304@co002.example
EMP-0305,Faro,Juniper,Sales,Sales Engineer,IC,EMP-0256,2022-01-26,active,,faro.juniper.emp-0305@co002.example
EMP-0306,Aldous,Marchbanks,Sales,Sales Development Rep,IC,EMP-0252,2025-12-15,active,,aldous.marchbanks.emp-0306@co002.example
EMP-0307,Verity,Bellcrest,Sales,Sales Engineer,IC,EMP-0248,2021-01-08,active,,verity.bellcrest.emp-0307@co002.example
EMP-0308,Wystan,Fairweather,Sales,Enterprise Account Executive,IC,EMP-0258,2025-06-23,active,,wystan.fairweather.emp-0308@co002.example
EMP-0309,Quillon,Greywick,Sales,Account Executive,IC,EMP-0257,2024-01-01,active,,quillon.greywick.emp-0309@co002.example
EMP-0310,Cormac,Norwich,Sales,Sales Development Rep,IC,EMP-0249,2021-02-20,active,,cormac.norwich.emp-0310@co002.example
EMP-0311,Kestrel,Ashby,Sales,Sales Development Rep,IC,EMP-0252,2023-09-24,active,,kestrel.ashby.emp-0311@co002.example
EMP-0312,Ulric,Marchbanks,Sales,Sales Development Rep,IC,EMP-0263,2021-04-30,active,,ulric.marchbanks.emp-0312@co002.example
EMP-0313,Emlyn,Underhill,Sales,Sales Engineer,IC,EMP-0250,2022-09-07,active,,emlyn.underhill.emp-0313@co002.example
EMP-0314,Rhoswen,Ashgrove,Sales,Sales Development Rep,IC,EMP-0249,2022-07-30,active,,rhoswen.ashgrove.emp-0314@co002.example
EMP-0315,Lyric,Fenmore,Sales,Account Executive,IC,EMP-0257,2022-02-09,active,,lyric.fenmore.emp-0315@co002.example
EMP-0316,Saskia,Marchbanks,Sales,Enterprise Account Executive,IC,EMP-0248,2021-03-29,active,,saskia.marchbanks.emp-0316@co002.example
EMP-0317,Briar,Underhill,Sales,Enterprise Account Executive,IC,EMP-0262,2025-06-20,active,,briar.underhill.emp-0317@co002.example
EMP-0318,Halcyon,Marchbanks,Sales,Sales Development Rep,IC,EMP-0261,2021-01-13,active,,halcyon.marchbanks.emp-0318@co002.example
EMP-0319,Ulric,Ivorwood,Sales,Sales Engineer,IC,EMP-0256,2025-03-07,active,,ulric.ivorwood.emp-0319@co002.example
EMP-0320,Rhoswen,Quennell,Sales,Enterprise Account Executive,IC,EMP-0255,2024-01-27,active,,rhoswen.quennell.emp-0320@co002.example
EMP-0321,Isolde,Marchbanks,Sales,Account Executive,IC,EMP-0255,2020-12-07,active,,isolde.marchbanks.emp-0321@co002.example
EMP-0322,Briar,Jarrow,Sales,Account Executive,IC,EMP-0255,2024-04-04,active,,briar.jarrow.emp-0322@co002.example
EMP-0323,Saskia,Nightshade,Sales,Account Executive,IC,EMP-0262,2020-06-22,active,,saskia.nightshade.emp-0323@co002.example
EMP-0324,Aldous,Elderkin,Sales,Sales Engineer,IC,EMP-0252,2024-09-16,active,,aldous.elderkin.emp-0324@co002.example
EMP-0325,Briar,Oakhurst,Sales,Enterprise Account Executive,IC,EMP-0253,2023-11-23,active,,briar.oakhurst.emp-0325@co002.example
EMP-0326,Zephyrine,Ashby,Sales,Sales Engineer,IC,EMP-0257,2025-01-17,active,,zephyrine.ashby.emp-0326@co002.example
EMP-0327,Saskia,Holloway,Sales,Account Executive,IC,EMP-0260,2022-05-01,active,,saskia.holloway.emp-0327@co002.example
EMP-0328,Honora,Duskwood,Sales,Enterprise Account Executive,IC,EMP-0256,2021-09-30,active,,honora.duskwood.emp-0328@co002.example
EMP-0329,Quillon,Osgood,Sales,Account Executive,IC,EMP-0250,2025-08-02,active,,quillon.osgood.emp-0329@co002.example
EMP-0330,Lyric,Kestenbaum,Sales,Sales Engineer,IC,EMP-0249,2024-08-03,active,,lyric.kestenbaum.emp-0330@co002.example
EMP-0331,Cassian,Pemberton,Sales,Account Executive,IC,EMP-0260,2024-12-12,active,,cassian.pemberton.emp-0331@co002.example
EMP-0332,Oleander,Ingledew,Sales,Sales Development Rep,IC,EMP-0253,2022-06-19,active,,oleander.ingledew.emp-0332@co002.example
EMP-0333,Dashiell,Nightshade,Sales,Sales Engineer,IC,EMP-0249,2025-11-05,active,,dashiell.nightshade.emp-0333@co002.example
EMP-0334,Oleander,Duskwood,Sales,Sales Development Rep,IC,EMP-0251,2023-03-25,active,,oleander.duskwood.emp-0334@co002.example
EMP-0335,Thessaly,Greywick,Sales,Account Executive,IC,EMP-0250,2023-04-21,active,,thessaly.greywick.emp-0335@co002.example
EMP-0336,Rhoswen,Juniper,Sales,Enterprise Account Executive,IC,EMP-0250,2023-04-12,active,,rhoswen.juniper.emp-0336@co002.example
EMP-0337,Emlyn,Larkspur,Sales,Sales Development Rep,IC,EMP-0262,2025-06-10,active,,emlyn.larkspur.emp-0337@co002.example
EMP-0338,Delphine,Millgate,Sales,Enterprise Account Executive,IC,EMP-0251,2020-05-29,active,,delphine.millgate.emp-0338@co002.example
EMP-0339,Ondine,Holloway,Sales,Account Executive,IC,EMP-0257,2020-06-04,active,,ondine.holloway.emp-0339@co002.example
EMP-0340,Perrin,Dunmore,Sales,Sales Development Rep,IC,EMP-0257,2022-08-07,active,,perrin.dunmore.emp-0340@co002.example
EMP-0341,Cassian,Duskwood,Sales,Sales Engineer,IC,EMP-0256,2023-05-09,active,,cassian.duskwood.emp-0341@co002.example
EMP-0342,Merritt,Ashgrove,Sales,Sales Development Rep,IC,EMP-0260,2021-09-01,active,,merritt.ashgrove.emp-0342@co002.example
EMP-0343,Emlyn,Fairweather,Sales,Sales Engineer,IC,EMP-0262,2020-05-27,active,,emlyn.fairweather.emp-0343@co002.example
EMP-0344,Sorrel,Greywick,Sales,Sales Engineer,IC,EMP-0257,2021-06-25,active,,sorrel.greywick.emp-0344@co002.example
EMP-0345,Thessaly,Juniper,Sales,Enterprise Account Executive,IC,EMP-0262,2024-09-26,active,,thessaly.juniper.emp-0345@co002.example
EMP-0346,Halcyon,Elderkin,Sales,Enterprise Account Executive,IC,EMP-0262,2020-11-29,active,,halcyon.elderkin.emp-0346@co002.example
EMP-0347,Tobin,Marchbanks,Sales,Sales Engineer,IC,EMP-0259,2022-08-05,active,,tobin.marchbanks.emp-0347@co002.example
EMP-0348,Gideon,Larkspur,Marketing,"VP, Marketing",VP,EMP-0001,2019-08-03,active,,gideon.larkspur.emp-0348@co002.example
EMP-0349,Isolde,Corrigan,Marketing,"Director, Marketing",Director,EMP-0348,2024-07-16,active,,isolde.corrigan.emp-0349@co002.example
EMP-0350,Tobin,Yarrow,Marketing,"Director, Marketing",Director,EMP-0348,2020-12-01,active,,tobin.yarrow.emp-0350@co002.example
EMP-0351,Merritt,Oakhurst,Marketing,Marketing Manager,Manager,EMP-0350,2021-09-07,active,,merritt.oakhurst.emp-0351@co002.example
EMP-0352,Wystan,Fenmore,Marketing,Marketing Manager,Manager,EMP-0349,2023-11-01,active,,wystan.fenmore.emp-0352@co002.example
EMP-0353,Emlyn,Juniper,Marketing,Marketing Manager,Manager,EMP-0350,2020-04-12,active,,emlyn.juniper.emp-0353@co002.example
EMP-0354,Merritt,Pennington,Marketing,Marketing Manager,Manager,EMP-0349,2022-12-03,active,,merritt.pennington.emp-0354@co002.example
EMP-0355,Freya,Ravenscroft,Marketing,Marketing Manager,Manager,EMP-0349,2020-10-15,active,,freya.ravenscroft.emp-0355@co002.example
EMP-0356,Quillon,Kestenbaum,Marketing,Marketing Manager,Manager,EMP-0349,2025-09-19,active,,quillon.kestenbaum.emp-0356@co002.example
EMP-0357,Ewald,Larkspur,Marketing,Demand Generation Specialist,IC,EMP-0356,2022-07-11,active,,ewald.larkspur.emp-0357@co002.example
EMP-0358,Lior,Underhill,Marketing,Content Marketer,IC,EMP-0355,2023-07-13,active,,lior.underhill.emp-0358@co002.example
EMP-0359,Baxter,Nightshade,Marketing,Demand Generation Specialist,IC,EMP-0356,2021-06-18,active,,baxter.nightshade.emp-0359@co002.example
EMP-0360,Wrenna,Underhill,Marketing,Content Marketer,IC,EMP-0356,2025-09-28,active,,wrenna.underhill.emp-0360@co002.example
EMP-0361,Freya,Moorfield,Marketing,Demand Generation Specialist,IC,EMP-0355,2022-09-26,active,,freya.moorfield.emp-0361@co002.example
EMP-0362,Tobin,Bellcrest,Marketing,Marketing Manager,IC,EMP-0355,2021-09-12,active,,tobin.bellcrest.emp-0362@co002.example
EMP-0363,Ewald,Everhart,Marketing,Demand Generation Specialist,IC,EMP-0351,2021-05-10,active,,ewald.everhart.emp-0363@co002.example
EMP-0364,Yara,Norwich,Marketing,Demand Generation Specialist,IC,EMP-0352,2025-01-10,active,,yara.norwich.emp-0364@co002.example
EMP-0365,Lior,Blackwood,Marketing,Demand Generation Specialist,IC,EMP-0355,2022-11-22,active,,lior.blackwood.emp-0365@co002.example
EMP-0366,Saskia,Hallowell,Marketing,Marketing Manager,IC,EMP-0351,2022-06-17,active,,saskia.hallowell.emp-0366@co002.example
EMP-0367,Emlyn,Holloway,Marketing,Marketing Manager,IC,EMP-0356,2026-02-09,active,,emlyn.holloway.emp-0367@co002.example
EMP-0368,Wystan,Elderkin,Marketing,Demand Generation Specialist,IC,EMP-0354,2023-12-25,active,,wystan.elderkin.emp-0368@co002.example
EMP-0369,Ulric,Oakhurst,Marketing,Marketing Manager,IC,EMP-0352,2024-12-25,active,,ulric.oakhurst.emp-0369@co002.example
EMP-0370,Junot,Juniper,Marketing,Content Marketer,IC,EMP-0351,2024-09-04,active,,junot.juniper.emp-0370@co002.example
EMP-0371,Corwin,Pemberton,Marketing,Content Marketer,IC,EMP-0356,2024-01-13,active,,corwin.pemberton.emp-0371@co002.example
EMP-0372,Ulric,Holloway,Marketing,Marketing Manager,IC,EMP-0352,2025-07-11,active,,ulric.holloway.emp-0372@co002.example
EMP-0373,Honora,Osgood,Marketing,Demand Generation Specialist,IC,EMP-0352,2022-12-19,active,,honora.osgood.emp-0373@co002.example
EMP-0374,Briar,Greywick,Marketing,Demand Generation Specialist,IC,EMP-0355,2020-11-25,active,,briar.greywick.emp-0374@co002.example
EMP-0375,Ivo,Quennell,Marketing,Demand Generation Specialist,IC,EMP-0352,2024-10-13,active,,ivo.quennell.emp-0375@co002.example
EMP-0376,Honora,Yarrow,Marketing,Content Marketer,IC,EMP-0355,2025-10-25,active,,honora.yarrow.emp-0376@co002.example
EMP-0377,Rhoswen,Moorfield,Marketing,Demand Generation Specialist,IC,EMP-0354,2021-12-15,active,,rhoswen.moorfield.emp-0377@co002.example
EMP-0378,Reyna,Juniper,Marketing,Marketing Manager,IC,EMP-0352,2024-07-09,active,,reyna.juniper.emp-0378@co002.example
EMP-0379,Honora,Elderkin,Marketing,Content Marketer,IC,EMP-0356,2022-04-20,active,,honora.elderkin.emp-0379@co002.example
EMP-0380,Gideon,Pemberton,Marketing,Marketing Manager,IC,EMP-0356,2024-07-15,active,,gideon.pemberton.emp-0380@co002.example
EMP-0381,Delphine,Kirtland,Marketing,Content Marketer,IC,EMP-0351,2022-09-17,active,,delphine.kirtland.emp-0381@co002.example
EMP-0382,Saskia,Blackwood,Marketing,Marketing Manager,IC,EMP-0353,2023-08-26,active,,saskia.blackwood.emp-0382@co002.example
EMP-0383,Ondine,Oakhurst,Marketing,Marketing Manager,IC,EMP-0353,2023-02-05,active,,ondine.oakhurst.emp-0383@co002.example
EMP-0384,Ivo,Blackwood,Marketing,Content Marketer,IC,EMP-0353,2024-06-04,active,,ivo.blackwood.emp-0384@co002.example
EMP-0385,Reyna,Blackwood,Marketing,Marketing Manager,IC,EMP-0356,2026-01-28,active,,reyna.blackwood.emp-0385@co002.example
EMP-0386,Fenwick,Fenmore,Marketing,Demand Generation Specialist,IC,EMP-0354,2022-02-12,active,,fenwick.fenmore.emp-0386@co002.example
EMP-0387,Merritt,Dunmore,Marketing,Marketing Manager,IC,EMP-0352,2021-06-30,active,,merritt.dunmore.emp-0387@co002.example
EMP-0388,Corwin,Whitlock,Marketing,Marketing Manager,IC,EMP-0352,2025-03-16,active,,corwin.whitlock.emp-0388@co002.example
EMP-0389,Hollis,Ravenscroft,Marketing,Content Marketer,IC,EMP-0351,2022-10-30,active,,hollis.ravenscroft.emp-0389@co002.example
EMP-0390,Rhoswen,Thistlewood,Customer Success,"VP, Customer Success",VP,EMP-0001,2021-01-10,active,,rhoswen.thistlewood.emp-0390@co002.example
EMP-0391,Honora,Ingledew,Customer Success,"Director, Customer Success",Director,EMP-0390,2021-02-25,active,,honora.ingledew.emp-0391@co002.example
EMP-0392,Freya,Greywick,Customer Success,"Director, Customer Success",Director,EMP-0390,2024-12-06,active,,freya.greywick.emp-0392@co002.example
EMP-0393,Guinevere,Ravenscroft,Customer Success,"Director, Customer Success",Director,EMP-0390,2021-12-12,active,,guinevere.ravenscroft.emp-0393@co002.example
EMP-0394,Marlowe,Vantree,Customer Success,"Director, Customer Success",Director,EMP-0390,2022-03-15,active,,marlowe.vantree.emp-0394@co002.example
EMP-0395,Verity,Greywick,Customer Success,Customer Success Manager,Manager,EMP-0391,2024-12-12,active,,verity.greywick.emp-0395@co002.example
EMP-0396,Tobin,Ingledew,Customer Success,Customer Success Manager,Manager,EMP-0391,2025-03-14,active,,tobin.ingledew.emp-0396@co002.example
EMP-0397,Ondine,Ashby,Customer Success,Customer Success Manager,Manager,EMP-0394,2026-01-22,active,,ondine.ashby.emp-0397@co002.example
EMP-0398,Dashiell,Millgate,Customer Success,Customer Success Manager,Manager,EMP-0393,2021-08-16,active,,dashiell.millgate.emp-0398@co002.example
EMP-0399,Branwen,Norwich,Customer Success,Customer Success Manager,Manager,EMP-0394,2022-12-08,active,,branwen.norwich.emp-0399@co002.example
EMP-0400,Hollis,Everhart,Customer Success,Customer Success Manager,Manager,EMP-0393,2022-11-17,active,,hollis.everhart.emp-0400@co002.example
EMP-0401,Corin,Loxley,Customer Success,Customer Success Manager,Manager,EMP-0394,2024-02-22,active,,corin.loxley.emp-0401@co002.example
EMP-0402,Corin,Millgate,Customer Success,Customer Success Manager,Manager,EMP-0391,2021-05-03,active,,corin.millgate.emp-0402@co002.example
EMP-0403,Delphine,Duskwood,Customer Success,Customer Success Manager,Manager,EMP-0392,2023-08-01,departed,,delphine.duskwood.emp-0403@co002.example
EMP-0404,Faro,Greywick,Customer Success,Customer Success Manager,Manager,EMP-0392,2024-05-22,active,,faro.greywick.emp-0404@co002.example
EMP-0405,Faro,Nightshade,Customer Success,Customer Success Manager,Manager,EMP-0392,2024-05-29,active,,faro.nightshade.emp-0405@co002.example
EMP-0406,Corwin,Elderkin,Customer Success,Onboarding Specialist,IC,EMP-0399,2021-09-12,active,,corwin.elderkin.emp-0406@co002.example
EMP-0407,Rhoswen,Ingledew,Customer Success,Customer Success Manager,IC,EMP-0402,2022-04-16,active,,rhoswen.ingledew.emp-0407@co002.example
EMP-0408,Wystan,Juniper,Customer Success,Customer Success Manager,IC,EMP-0400,2024-11-03,active,,wystan.juniper.emp-0408@co002.example
EMP-0409,Lior,Jarrow,Customer Success,Onboarding Specialist,IC,EMP-0405,2022-12-13,active,,lior.jarrow.emp-0409@co002.example
EMP-0410,Quenby,Loxley,Customer Success,Onboarding Specialist,IC,EMP-0405,2024-01-03,active,,quenby.loxley.emp-0410@co002.example
EMP-0411,Perrin,Underhill,Customer Success,Customer Success Manager,IC,EMP-0397,2024-02-08,active,,perrin.underhill.emp-0411@co002.example
EMP-0412,Yara,Ashgrove,Customer Success,Customer Success Manager,IC,EMP-0400,2026-01-12,active,,yara.ashgrove.emp-0412@co002.example
EMP-0413,Oleander,Thistlewood,Customer Success,Support Engineer,IC,EMP-0395,2024-06-24,active,,oleander.thistlewood.emp-0413@co002.example
EMP-0414,Cassian,Marchbanks,Customer Success,Onboarding Specialist,IC,EMP-0403,2020-10-05,active,,cassian.marchbanks.emp-0414@co002.example
EMP-0415,Freya,Duskwood,Customer Success,Support Engineer,IC,EMP-0403,2021-08-14,active,,freya.duskwood.emp-0415@co002.example
EMP-0416,Branwen,Ivorwood,Customer Success,Support Engineer,IC,EMP-0405,2021-08-11,active,,branwen.ivorwood.emp-0416@co002.example
EMP-0417,Baxter,Millgate,Customer Success,Customer Success Manager,IC,EMP-0399,2024-01-15,active,,baxter.millgate.emp-0417@co002.example
EMP-0418,Kestrel,Kirtland,Customer Success,Support Engineer,IC,EMP-0395,2022-10-17,active,,kestrel.kirtland.emp-0418@co002.example
EMP-0419,Sable,Osgood,Customer Success,Customer Success Manager,IC,EMP-0398,2024-11-14,active,,sable.osgood.emp-0419@co002.example
EMP-0420,Marlowe,Nightshade,Customer Success,Onboarding Specialist,IC,EMP-0401,2025-11-13,active,,marlowe.nightshade.emp-0420@co002.example
EMP-0421,Nessa,Hallowell,Customer Success,Onboarding Specialist,IC,EMP-0398,2023-10-19,active,,nessa.hallowell.emp-0421@co002.example
EMP-0422,Marlowe,Norwich,Customer Success,Support Engineer,IC,EMP-0400,2024-10-03,active,,marlowe.norwich.emp-0422@co002.example
EMP-0423,Nessa,Norwich,Customer Success,Support Engineer,IC,EMP-0399,2021-06-28,active,,nessa.norwich.emp-0423@co002.example
EMP-0424,Aldous,Greywick,Customer Success,Support Engineer,IC,EMP-0400,2022-04-15,active,,aldous.greywick.emp-0424@co002.example
EMP-0425,Quillon,Pemberton,Customer Success,Onboarding Specialist,IC,EMP-0397,2025-04-27,active,,quillon.pemberton.emp-0425@co002.example
EMP-0426,Merritt,Kestenbaum,Customer Success,Customer Success Manager,IC,EMP-0401,2021-01-23,active,,merritt.kestenbaum.emp-0426@co002.example
EMP-0427,Ivo,Fenmore,Customer Success,Onboarding Specialist,IC,EMP-0403,2025-09-21,active,,ivo.fenmore.emp-0427@co002.example
EMP-0428,Faro,Quennell,Customer Success,Customer Success Manager,IC,EMP-0404,2022-04-24,active,,faro.quennell.emp-0428@co002.example
EMP-0429,Halcyon,Millgate,Customer Success,Customer Success Manager,IC,EMP-0403,2021-06-06,active,,halcyon.millgate.emp-0429@co002.example
EMP-0430,Wrenna,Pennington,Customer Success,Support Engineer,IC,EMP-0400,2021-03-08,active,,wrenna.pennington.emp-0430@co002.example
EMP-0431,Baxter,Juniper,Customer Success,Customer Success Manager,IC,EMP-0401,2023-09-03,active,,baxter.juniper.emp-0431@co002.example
EMP-0432,Kestrel,Blackwood,Customer Success,Customer Success Manager,IC,EMP-0398,2020-04-18,active,,kestrel.blackwood.emp-0432@co002.example
EMP-0433,Kestrel,Nightshade,Customer Success,Customer Success Manager,IC,EMP-0404,2025-06-30,active,,kestrel.nightshade.emp-0433@co002.example
EMP-0434,Quillon,Thistlewood,Customer Success,Onboarding Specialist,IC,EMP-0405,2020-06-11,active,,quillon.thistlewood.emp-0434@co002.example
EMP-0435,Lior,Everhart,Customer Success,Support Engineer,IC,EMP-0403,2023-03-14,active,,lior.everhart.emp-0435@co002.example
EMP-0436,Perrin,Kirtland,Customer Success,Customer Success Manager,IC,EMP-0398,2024-11-16,active,,perrin.kirtland.emp-0436@co002.example
EMP-0437,Thessaly,Crestfall,Customer Success,Support Engineer,IC,EMP-0398,2020-11-29,active,,thessaly.crestfall.emp-0437@co002.example
EMP-0438,Wrenna,Juniper,Customer Success,Customer Success Manager,IC,EMP-0403,2023-09-17,active,,wrenna.juniper.emp-0438@co002.example
EMP-0439,Ulric,Norwich,Customer Success,Customer Success Manager,IC,EMP-0400,2023-03-05,active,,ulric.norwich.emp-0439@co002.example
EMP-0440,Ulric,Hallowell,Customer Success,Customer Success Manager,IC,EMP-0403,2022-10-07,active,,ulric.hallowell.emp-0440@co002.example
EMP-0441,Merritt,Ingledew,Customer Success,Onboarding Specialist,IC,EMP-0404,2025-02-11,active,,merritt.ingledew.emp-0441@co002.example
EMP-0442,Baxter,Ashgrove,Customer Success,Support Engineer,IC,EMP-0402,2020-10-03,active,,baxter.ashgrove.emp-0442@co002.example
EMP-0443,Sable,Kirtland,Customer Success,Customer Success Manager,IC,EMP-0404,2021-01-19,active,,sable.kirtland.emp-0443@co002.example
EMP-0444,Isolde,Duskwood,Customer Success,Support Engineer,IC,EMP-0400,2025-03-31,active,,isolde.duskwood.emp-0444@co002.example
EMP-0445,Freya,Loxley,Customer Success,Onboarding Specialist,IC,EMP-0405,2020-10-07,active,,freya.loxley.emp-0445@co002.example
EMP-0446,Hollis,Ashgrove,Customer Success,Onboarding Specialist,IC,EMP-0399,2022-03-05,active,,hollis.ashgrove.emp-0446@co002.example
EMP-0447,Dashiell,Osgood,Customer Success,Support Engineer,IC,EMP-0400,2025-01-28,active,,dashiell.osgood.emp-0447@co002.example
EMP-0448,Junot,Greywick,Customer Success,Onboarding Specialist,IC,EMP-0404,2021-01-17,active,,junot.greywick.emp-0448@co002.example
EMP-0449,Quenby,Kirtland,Customer Success,Support Engineer,IC,EMP-0395,2024-01-11,active,,quenby.kirtland.emp-0449@co002.example
EMP-0450,Corin,Bellcrest,Customer Success,Support Engineer,IC,EMP-0401,2022-10-18,active,,corin.bellcrest.emp-0450@co002.example
EMP-0451,Sable,Greywick,Customer Success,Onboarding Specialist,IC,EMP-0399,2020-12-05,active,,sable.greywick.emp-0451@co002.example
EMP-0452,Aldous,Fenmore,Customer Success,Support Engineer,IC,EMP-0402,2024-05-25,active,,aldous.fenmore.emp-0452@co002.example
EMP-0453,Branwen,Pemberton,Customer Success,Support Engineer,IC,EMP-0400,2026-02-03,active,,branwen.pemberton.emp-0453@co002.example
EMP-0454,Lyric,Moorfield,Customer Success,Support Engineer,IC,EMP-0397,2024-08-01,active,,lyric.moorfield.emp-0454@co002.example
EMP-0455,Delphine,Ashby,Customer Success,Customer Success Manager,IC,EMP-0395,2024-06-14,active,,delphine.ashby.emp-0455@co002.example
EMP-0456,Aldous,Juniper,Customer Success,Onboarding Specialist,IC,EMP-0405,2022-12-24,active,,aldous.juniper.emp-0456@co002.example
EMP-0457,Quenby,Hallowell,Customer Success,Customer Success Manager,IC,EMP-0401,2023-10-05,active,,quenby.hallowell.emp-0457@co002.example
EMP-0458,Isolde,Fenmore,Customer Success,Onboarding Specialist,IC,EMP-0399,2025-10-20,active,,isolde.fenmore.emp-0458@co002.example
EMP-0459,Wystan,Underhill,Customer Success,Onboarding Specialist,IC,EMP-0402,2024-03-31,active,,wystan.underhill.emp-0459@co002.example
EMP-0460,Reyna,Ashgrove,Customer Success,Support Engineer,IC,EMP-0402,2021-11-30,active,,reyna.ashgrove.emp-0460@co002.example
EMP-0461,Lior,Bellcrest,Customer Success,Onboarding Specialist,IC,EMP-0402,2022-01-16,active,,lior.bellcrest.emp-0461@co002.example
EMP-0462,Wrenna,Yarrow,Finance,"VP, Finance",VP,EMP-0001,2019-03-27,active,Read Only,wrenna.yarrow.emp-0462@co002.example
EMP-0463,Aldous,Duskwood,Finance,"Director, Finance",Director,EMP-0462,2024-11-14,active,,aldous.duskwood.emp-0463@co002.example
EMP-0464,Corwin,Greywick,Finance,"Director, Finance",Director,EMP-0462,2022-01-24,active,,corwin.greywick.emp-0464@co002.example
EMP-0465,Thessaly,Ivorwood,Finance,Finance Manager,Manager,EMP-0464,2020-08-18,active,,thessaly.ivorwood.emp-0465@co002.example
EMP-0466,Freya,Larkspur,Finance,Finance Manager,Manager,EMP-0464,2024-09-08,active,,freya.larkspur.emp-0466@co002.example
EMP-0467,Delphine,Grayling,Finance,Finance Manager,Manager,EMP-0464,2023-06-17,active,,delphine.grayling.emp-0467@co002.example
EMP-0468,Tamsin,Norwich,Finance,Finance Manager,Manager,EMP-0463,2024-07-03,active,,tamsin.norwich.emp-0468@co002.example
EMP-0469,Delphine,Fenmore,Finance,Finance Manager,Manager,EMP-0464,2025-08-30,active,,delphine.fenmore.emp-0469@co002.example
EMP-0470,Corwin,Pennington,Finance,Controller,IC,EMP-0466,2022-08-22,active,AP Approver,corwin.pennington.emp-0470@co002.example
EMP-0471,Tamsin,Juniper,Finance,Staff Accountant,IC,EMP-0465,2020-12-22,active,AP Clerk,tamsin.juniper.emp-0471@co002.example
EMP-0472,Briar,Duskwood,Finance,AR Clerk,IC,EMP-0466,2022-02-17,active,AR Clerk,briar.duskwood.emp-0472@co002.example
EMP-0473,Piran,Pemberton,Finance,Controller,IC,EMP-0467,2021-11-07,active,AP Approver,piran.pemberton.emp-0473@co002.example
EMP-0474,Branwen,Pennington,Finance,AR Clerk,IC,EMP-0466,2025-08-25,active,Payment Approver,branwen.pennington.emp-0474@co002.example
EMP-0475,Ondine,Fairweather,Finance,AP Clerk,IC,EMP-0466,2023-06-30,active,AP Approver,ondine.fairweather.emp-0475@co002.example
EMP-0476,Quenby,Corrigan,Finance,Staff Accountant,IC,EMP-0465,2022-01-23,active,AP Approver,quenby.corrigan.emp-0476@co002.example
EMP-0477,Nessa,Thistlewood,Finance,Staff Accountant,IC,EMP-0465,2025-10-02,active,Payment Approver,nessa.thistlewood.emp-0477@co002.example
EMP-0478,Sorrel,Thistlewood,Finance,FP&A Analyst,IC,EMP-0467,2023-12-06,active,AP Approver,sorrel.thistlewood.emp-0478@co002.example
EMP-0479,Rhoswen,Osgood,Finance,AR Clerk,IC,EMP-0467,2024-10-28,active,AR Clerk,rhoswen.osgood.emp-0479@co002.example
EMP-0480,Freya,Norwich,Finance,FP&A Analyst,IC,EMP-0469,2022-02-04,active,"AP Clerk, Payment Approver",freya.norwich.emp-0480@co002.example
EMP-0481,Reyna,Vantree,Finance,Controller,IC,EMP-0465,2020-04-13,active,AP Clerk,reyna.vantree.emp-0481@co002.example
EMP-0482,Ewald,Underhill,Finance,AP Clerk,IC,EMP-0467,2021-09-17,active,GL Admin,ewald.underhill.emp-0482@co002.example
EMP-0483,Lior,Juniper,Finance,FP&A Analyst,IC,EMP-0468,2024-11-13,active,AR Clerk,lior.juniper.emp-0483@co002.example
EMP-0484,Quillon,Blackwood,Finance,AR Clerk,IC,EMP-0467,2023-12-11,active,AP Approver,quillon.blackwood.emp-0484@co002.example
EMP-0485,Cormac,Blackwood,Finance,AP Clerk,IC,EMP-0466,2022-10-21,active,AP Approver,cormac.blackwood.emp-0485@co002.example
EMP-0486,Emlyn,Ravenscroft,Finance,Staff Accountant,IC,EMP-0467,2021-09-22,active,GL Admin,emlyn.ravenscroft.emp-0486@co002.example
EMP-0487,Junot,Kirtland,Finance,AP Clerk,IC,EMP-0469,2025-08-20,active,Read Only,junot.kirtland.emp-0487@co002.example
EMP-0488,Ulric,Larkspur,Finance,FP&A Analyst,IC,EMP-0465,2025-01-28,active,Payment Approver,ulric.larkspur.emp-0488@co002.example
EMP-0489,Faro,Grayling,Finance,FP&A Analyst,IC,EMP-0468,2025-10-12,active,GL Admin,faro.grayling.emp-0489@co002.example
EMP-0490,Tamsin,Jarrow,Finance,AP Clerk,IC,EMP-0469,2022-04-06,active,AR Clerk,tamsin.jarrow.emp-0490@co002.example
EMP-0491,Faro,Pemberton,Finance,AP Clerk,IC,EMP-0467,2025-02-24,active,AP Approver,faro.pemberton.emp-0491@co002.example
EMP-0492,Yara,Everhart,Finance,AP Clerk,IC,EMP-0466,2021-12-01,active,AP Clerk,yara.everhart.emp-0492@co002.example
EMP-0493,Lyric,Oakhurst,Finance,Staff Accountant,IC,EMP-0466,2026-02-08,active,AR Clerk,lyric.oakhurst.emp-0493@co002.example
EMP-0494,Corwin,Underhill,Finance,FP&A Analyst,IC,EMP-0469,2026-02-08,active,AP Clerk,corwin.underhill.emp-0494@co002.example
EMP-0495,Ivo,Ashby,Finance,FP&A Analyst,IC,EMP-0469,2025-07-20,active,GL Admin,ivo.ashby.emp-0495@co002.example
EMP-0496,Quenby,Dunmore,Finance,FP&A Analyst,IC,EMP-0466,2020-06-01,active,AR Clerk,quenby.dunmore.emp-0496@co002.example
EMP-0497,Tobin,Millgate,Finance,AR Clerk,IC,EMP-0467,2023-10-18,active,Payment Approver,tobin.millgate.emp-0497@co002.example
EMP-0498,Baxter,Pennington,People,"VP, People",VP,EMP-0001,2022-06-20,active,,baxter.pennington.emp-0498@co002.example
EMP-0499,Nessa,Duskwood,People,"Director, People",Director,EMP-0498,2023-08-31,active,,nessa.duskwood.emp-0499@co002.example
EMP-0500,Delphine,Ashgrove,People,"Director, People",Director,EMP-0498,2025-02-19,active,,delphine.ashgrove.emp-0500@co002.example
EMP-0501,Cormac,Ashby,People,People Manager,Manager,EMP-0500,2021-05-28,active,,cormac.ashby.emp-0501@co002.example
EMP-0502,Isolde,Elderkin,People,People Manager,Manager,EMP-0499,2020-06-02,active,,isolde.elderkin.emp-0502@co002.example
EMP-0503,Corwin,Quennell,People,People Manager,Manager,EMP-0500,2024-04-01,active,,corwin.quennell.emp-0503@co002.example
EMP-0504,Perrin,Ingledew,People,People Manager,Manager,EMP-0499,2024-08-11,active,,perrin.ingledew.emp-0504@co002.example
EMP-0505,Isolde,Pennington,People,HR Business Partner,IC,EMP-0504,2024-06-20,departed,,isolde.pennington.emp-0505@co002.example
EMP-0506,Lyric,Corrigan,People,People Operations Specialist,IC,EMP-0503,2024-09-01,active,,lyric.corrigan.emp-0506@co002.example
EMP-0507,Dashiell,Ivorwood,People,HR Business Partner,IC,EMP-0501,2020-10-29,active,,dashiell.ivorwood.emp-0507@co002.example
EMP-0508,Wystan,Marchbanks,People,Recruiter,IC,EMP-0503,2025-09-30,active,,wystan.marchbanks.emp-0508@co002.example
EMP-0509,Aldous,Crestfall,People,People Operations Specialist,IC,EMP-0501,2025-09-30,active,,aldous.crestfall.emp-0509@co002.example
EMP-0510,Quillon,Yarrow,People,People Operations Specialist,IC,EMP-0504,2020-04-30,active,,quillon.yarrow.emp-0510@co002.example
EMP-0511,Emlyn,Loxley,People,People Operations Specialist,IC,EMP-0501,2024-11-21,active,,emlyn.loxley.emp-0511@co002.example
EMP-0512,Lior,Fenmore,People,Recruiter,IC,EMP-0504,2021-10-06,active,,lior.fenmore.emp-0512@co002.example
EMP-0513,Saskia,Dunmore,People,People Operations Specialist,IC,EMP-0503,2021-04-06,active,,saskia.dunmore.emp-0513@co002.example
EMP-0514,Sorrel,Duskwood,People,People Operations Specialist,IC,EMP-0504,2022-09-27,active,,sorrel.duskwood.emp-0514@co002.example
EMP-0515,Lior,Pemberton,People,HR Business Partner,IC,EMP-0504,2024-04-14,active,,lior.pemberton.emp-0515@co002.example
EMP-0516,Corin,Kestenbaum,People,People Operations Specialist,IC,EMP-0504,2024-05-11,active,,corin.kestenbaum.emp-0516@co002.example
EMP-0517,Sable,Underhill,People,Recruiter,IC,EMP-0503,2022-10-16,active,,sable.underhill.emp-0517@co002.example
EMP-0518,Briar,Vantree,People,People Operations Specialist,IC,EMP-0501,2020-11-01,active,,briar.vantree.emp-0518@co002.example
EMP-0519,Guinevere,Ashby,People,HR Business Partner,IC,EMP-0503,2025-01-22,active,,guinevere.ashby.emp-0519@co002.example
EMP-0520,Freya,Everhart,People,Recruiter,IC,EMP-0504,2024-08-27,departed,,freya.everhart.emp-0520@co002.example
EMP-0521,Merritt,Underhill,People,People Operations Specialist,IC,EMP-0501,2023-08-24,active,,merritt.underhill.emp-0521@co002.example
EMP-0522,Sorrel,Everhart,People,People Operations Specialist,IC,EMP-0502,2021-12-23,active,,sorrel.everhart.emp-0522@co002.example
EMP-0523,Delphine,Everhart,People,Recruiter,IC,EMP-0501,2024-07-18,active,,delphine.everhart.emp-0523@co002.example
EMP-0524,Marlowe,Duskwood,People,HR Business Partner,IC,EMP-0502,2022-05-13,active,,marlowe.duskwood.emp-0524@co002.example
EMP-0525,Lyric,Pennington,People,HR Business Partner,IC,EMP-0504,2021-10-12,active,,lyric.pennington.emp-0525@co002.example
EMP-0526,Isolde,Hallowell,People,HR Business Partner,IC,EMP-0502,2022-10-27,active,,isolde.hallowell.emp-0526@co002.example
EMP-0527,Quenby,Juniper,People,HR Business Partner,IC,EMP-0503,2024-10-26,active,,quenby.juniper.emp-0527@co002.example
EMP-0528,Lyric,Everhart,Legal,"VP, Legal",VP,EMP-0001,2022-04-06,active,,lyric.everhart.emp-0528@co002.example
EMP-0529,Kestrel,Quennell,Legal,"Director, Legal",Director,EMP-0528,2021-09-24,active,,kestrel.quennell.emp-0529@co002.example
EMP-0530,Rhoswen,Blackwood,Legal,Legal Manager,Manager,EMP-0529,2022-09-22,active,,rhoswen.blackwood.emp-0530@co002.example
EMP-0531,Fenwick,Greywick,Legal,Legal Manager,Manager,EMP-0529,2023-09-18,active,,fenwick.greywick.emp-0531@co002.example
EMP-0532,Aldous,Holloway,Legal,Contracts Manager,IC,EMP-0531,2021-10-23,active,,aldous.holloway.emp-0532@co002.example
EMP-0533,Verity,Juniper,Legal,Corporate Counsel,IC,EMP-0530,2024-12-13,active,,verity.juniper.emp-0533@co002.example
EMP-0534,Wrenna,Greywick,Legal,Corporate Counsel,IC,EMP-0531,2026-01-11,active,,wrenna.greywick.emp-0534@co002.example
EMP-0535,Zephyrine,Hallowell,Legal,Contracts Manager,IC,EMP-0530,2022-08-16,active,,zephyrine.hallowell.emp-0535@co002.example
EMP-0536,Corin,Blackwood,Legal,Corporate Counsel,IC,EMP-0531,2023-11-27,active,,corin.blackwood.emp-0536@co002.example
EMP-0537,Verity,Elderkin,Legal,Corporate Counsel,IC,EMP-0530,2025-10-26,active,,verity.elderkin.emp-0537@co002.example
EMP-0538,Sable,Jarrow,Legal,Corporate Counsel,IC,EMP-0531,2023-05-28,active,,sable.jarrow.emp-0538@co002.example
EMP-0539,Emlyn,Osgood,Legal,Corporate Counsel,IC,EMP-0530,2023-05-05,active,,emlyn.osgood.emp-0539@co002.example
EMP-0540,Reyna,Grayling,Legal,Corporate Counsel,IC,EMP-0531,2020-04-05,active,,reyna.grayling.emp-0540@co002.example
EMP-0541,Ewald,Yarrow,IT & Security,"VP, IT & Security",VP,EMP-0001,2020-01-31,active,,ewald.yarrow.emp-0541@co002.example
EMP-0542,Dashiell,Holloway,IT & Security,"Director, IT & Security",Director,EMP-0541,2020-08-30,active,,dashiell.holloway.emp-0542@co002.example
EMP-0543,Piran,Blackwood,IT & Security,"Director, IT & Security",Director,EMP-0541,2022-12-12,active,,piran.blackwood.emp-0543@co002.example
EMP-0544,Corwin,Fenmore,IT & Security,IT & Security Manager,Manager,EMP-0543,2023-08-18,departed,,corwin.fenmore.emp-0544@co002.example
EMP-0545,Gideon,Dunmore,IT & Security,IT & Security Manager,Manager,EMP-0542,2024-10-12,active,,gideon.dunmore.emp-0545@co002.example
EMP-0546,Briar,Dunmore,IT & Security,IT & Security Manager,Manager,EMP-0542,2024-10-19,active,,briar.dunmore.emp-0546@co002.example
EMP-0547,Tobin,Grayling,IT & Security,IT & Security Manager,Manager,EMP-0543,2025-07-31,active,,tobin.grayling.emp-0547@co002.example
EMP-0548,Guinevere,Blackwood,IT & Security,IT Administrator,IC,EMP-0544,2021-11-27,active,,guinevere.blackwood.emp-0548@co002.example
EMP-0549,Marlowe,Quennell,IT & Security,Security Engineer,IC,EMP-0544,2023-10-14,active,,marlowe.quennell.emp-0549@co002.example
EMP-0550,Quillon,Quennell,IT & Security,Security Engineer,IC,EMP-0547,2025-03-15,active,,quillon.quennell.emp-0550@co002.example
EMP-0551,Freya,Ivorwood,IT & Security,IT Administrator,IC,EMP-0546,2023-03-30,active,,freya.ivorwood.emp-0551@co002.example
EMP-0552,Honora,Norwich,IT & Security,Security Engineer,IC,EMP-0546,2021-04-09,active,,honora.norwich.emp-0552@co002.example
EMP-0553,Ewald,Whitlock,IT & Security,IT Administrator,IC,EMP-0546,2020-04-20,active,,ewald.whitlock.emp-0553@co002.example
EMP-0554,Reyna,Crestfall,IT & Security,IT Administrator,IC,EMP-0544,2023-10-06,active,,reyna.crestfall.emp-0554@co002.example
EMP-0555,Ondine,Ivorwood,IT & Security,Security Engineer,IC,EMP-0544,2021-02-19,active,,ondine.ivorwood.emp-0555@co002.example
EMP-0556,Aldous,Pennington,IT & Security,Security Engineer,IC,EMP-0547,2025-11-11,active,,aldous.pennington.emp-0556@co002.example
EMP-0557,Emlyn,Pemberton,IT & Security,Security Engineer,IC,EMP-0544,2020-12-11,active,,emlyn.pemberton.emp-0557@co002.example
EMP-0558,Corwin,Oakhurst,IT & Security,Security Engineer,IC,EMP-0544,2024-10-26,active,,corwin.oakhurst.emp-0558@co002.example
EMP-0559,Briar,Blackwood,IT & Security,Security Engineer,IC,EMP-0547,2025-10-31,active,,briar.blackwood.emp-0559@co002.example
EMP-0560,Reyna,Osgood,IT & Security,IT Administrator,IC,EMP-0545,2021-07-04,active,,reyna.osgood.emp-0560@co002.example
EMP-0561,Odalys,Everhart,IT & Security,Security Engineer,IC,EMP-0547,2021-04-20,active,,odalys.everhart.emp-0561@co002.example
EMP-0562,Cormac,Loxley,IT & Security,IT Administrator,IC,EMP-0545,2020-04-04,active,,cormac.loxley.emp-0562@co002.example
EMP-0563,Sorrel,Pemberton,IT & Security,IT Administrator,IC,EMP-0545,2025-04-29,active,,sorrel.pemberton.emp-0563@co002.example
EMP-0564,Sable,Blackwood,IT & Security,Security Engineer,IC,EMP-0547,2025-12-09,active,,sable.blackwood.emp-0564@co002.example
EMP-0565,Delphine,Quennell,IT & Security,Security Engineer,IC,EMP-0546,2021-06-22,active,,delphine.quennell.emp-0565@co002.example
EMP-0566,Corin,Marchbanks,IT & Security,IT Administrator,IC,EMP-0547,2021-12-10,active,,corin.marchbanks.emp-0566@co002.example
EMP-0567,Odalys,Vantree,IT & Security,IT Administrator,IC,EMP-0545,2024-09-19,active,,odalys.vantree.emp-0567@co002.example
EMP-0568,Zephyrine,Fenmore,IT & Security,Security Engineer,IC,EMP-0546,2021-04-21,active,,zephyrine.fenmore.emp-0568@co002.example
EMP-0569,Merritt,Jarrow,IT & Security,IT Administrator,IC,EMP-0544,2024-05-05,active,,merritt.jarrow.emp-0569@co002.example
EMP-0570,Ewald,Pemberton,IT & Security,Security Engineer,IC,EMP-0547,2021-08-24,active,,ewald.pemberton.emp-0570@co002.example
EMP-0571,Oleander,Underhill,Operations,"VP, Operations",VP,EMP-0001,2022-06-30,active,,oleander.underhill.emp-0571@co002.example
EMP-0572,Merritt,Nightshade,Operations,"Director, Operations",Director,EMP-0571,2021-05-08,active,,merritt.nightshade.emp-0572@co002.example
EMP-0573,Isolde,Greywick,Operations,"Director, Operations",Director,EMP-0571,2021-10-02,active,,isolde.greywick.emp-0573@co002.example
EMP-0574,Faro,Fenmore,Operations,Operations Manager,Manager,EMP-0572,2023-03-03,active,,faro.fenmore.emp-0574@co002.example
EMP-0575,Baxter,Norwich,Operations,Operations Manager,Manager,EMP-0572,2023-12-13,active,,baxter.norwich.emp-0575@co002.example
EMP-0576,Cormac,Marchbanks,Operations,Operations Manager,Manager,EMP-0572,2022-05-21,active,,cormac.marchbanks.emp-0576@co002.example
EMP-0577,Quillon,Loxley,Operations,Operations Manager,Manager,EMP-0573,2021-03-28,active,,quillon.loxley.emp-0577@co002.example
EMP-0578,Lyric,Quennell,Operations,Program Manager,IC,EMP-0576,2021-01-02,active,,lyric.quennell.emp-0578@co002.example
EMP-0579,Wrenna,Norwich,Operations,Program Manager,IC,EMP-0574,2020-03-25,active,,wrenna.norwich.emp-0579@co002.example
EMP-0580,Isolde,Ashgrove,Operations,Operations Analyst,IC,EMP-0575,2024-05-27,active,,isolde.ashgrove.emp-0580@co002.example
EMP-0581,Lyric,Norwich,Operations,Program Manager,IC,EMP-0574,2021-09-08,active,,lyric.norwich.emp-0581@co002.example
EMP-0582,Lior,Ivorwood,Operations,Operations Analyst,IC,EMP-0574,2024-05-25,departed,,lior.ivorwood.emp-0582@co002.example
EMP-0583,Merritt,Quennell,Operations,Program Manager,IC,EMP-0576,2020-03-19,departed,,merritt.quennell.emp-0583@co002.example
EMP-0584,Faro,Whitlock,Operations,Program Manager,IC,EMP-0577,2021-07-09,active,,faro.whitlock.emp-0584@co002.example
EMP-0585,Halcyon,Bellcrest,Operations,Program Manager,IC,EMP-0576,2025-07-25,active,,halcyon.bellcrest.emp-0585@co002.example
EMP-0586,Lior,Ashby,Operations,Program Manager,IC,EMP-0574,2024-10-29,active,,lior.ashby.emp-0586@co002.example
EMP-0587,Cormac,Dunmore,Operations,Operations Analyst,IC,EMP-0576,2025-07-01,active,,cormac.dunmore.emp-0587@co002.example
EMP-0588,Baxter,Holloway,Operations,Operations Analyst,IC,EMP-0577,2020-07-12,active,,baxter.holloway.emp-0588@co002.example
EMP-0589,Saskia,Yarrow,Operations,Operations Analyst,IC,EMP-0574,2021-03-21,active,,saskia.yarrow.emp-0589@co002.example
EMP-0590,Corin,Fairweather,Operations,Program Manager,IC,EMP-0575,2020-11-10,departed,,corin.fairweather.emp-0590@co002.example
EMP-0591,Cassian,Thistlewood,Operations,Program Manager,IC,EMP-0577,2023-10-07,active,,cassian.thistlewood.emp-0591@co002.example
EMP-0592,Ewald,Holloway,Operations,Program Manager,IC,EMP-0574,2025-02-08,active,,ewald.holloway.emp-0592@co002.example
EMP-0593,Yara,Greywick,Operations,Operations Analyst,IC,EMP-0576,2021-08-20,active,,yara.greywick.emp-0593@co002.example
EMP-0594,Faro,Loxley,Operations,Operations Analyst,IC,EMP-0574,2025-01-02,active,,faro.loxley.emp-0594@co002.example
EMP-0595,Perrin,Everhart,Operations,Operations Analyst,IC,EMP-0575,2024-07-08,active,,perrin.everhart.emp-0595@co002.example
EMP-0596,Cormac,Moorfield,Operations,Operations Analyst,IC,EMP-0574,2023-07-15,active,,cormac.moorfield.emp-0596@co002.example
EMP-0597,Zephyrine,Crestfall,Operations,Operations Analyst,IC,EMP-0576,2024-10-05,active,,zephyrine.crestfall.emp-0597@co002.example
EMP-0598,Isolde,Crestfall,Operations,Operations Analyst,IC,EMP-0577,2020-07-06,active,,isolde.crestfall.emp-0598@co002.example
EMP-0599,Nessa,Larkspur,Operations,Program Manager,IC,EMP-0575,2023-10-27,active,,nessa.larkspur.emp-0599@co002.example
EMP-0600,Halcyon,Corrigan,Operations,Operations Analyst,IC,EMP-0574,2021-09-25,active,,halcyon.corrigan.emp-0600@co002.example
